kd,t,v
0.01,1.25030055642128e-07,0.3685799241065979
0.01,0.006766791047994047,0.33002257347106934
0.01,0.008834500040393323,0.33460548520088196
0.01,0.012192958034574986,0.3372500240802765
0.01,0.013640333025250584,0.35430049896240234
0.01,0.015316583041567355,0.36964911222457886
0.01,0.016788166016340256,0.21486137807369232
0.01,0.018667625030502677,-0.5639255046844482
0.01,0.020713166042696685,-1.9964046478271484
0.01,0.02265979105141014,-2.119208574295044
0.01,0.024245000036899,-1.5208990573883057
0.01,0.025448291038628668,-0.9125996232032776
0.01,0.026859541016165167,0.21386271715164185
0.01,0.028401416027918458,0.8732439875602722
0.01,0.02946416602935642,1.1716662645339966
0.01,0.03198637504829094,0.8092134594917297
0.01,0.0334746660082601,0.15711666643619537
0.01,0.035621500050183386,-0.1890529990196228
0.01,0.03743979102000594,-0.2286549210548401
0.01,0.039668708050157875,0.07930859178304672
0.01,0.04206700000213459,0.25665193796157837
0.01,0.04344712500460446,0.31426721811294556
0.01,0.04477091605076566,0.3279956877231598
0.01,0.04643770802067593,0.25620296597480774
0.01,0.04869329102803022,0.13146346807479858
0.01,0.050502333033364266,-0.008359297178685665
0.01,0.05366083304397762,0.025112954899668694
0.01,0.055077916011214256,0.07335428148508072
0.01,0.056420458015054464,0.07334201782941818
0.01,0.057487583020702004,0.09755450487136841
0.01,0.05874145805137232,0.07745156437158585
0.01,0.059858250024262816,0.1329488903284073
0.01,0.06084104103501886,0.10439831763505936
0.01,0.062008041015360504,0.8161877989768982
0.01,0.06316258304286748,1.2234865427017212
0.01,0.06431320804404095,2.2196226119995117
0.01,0.0654191659996286,2.4307525157928467
0.01,0.06651187501847744,2.5866785049438477
0.01,0.06759250001050532,2.0764453411102295
0.01,0.06876708305208012,1.4144319295883179
0.01,0.0698182909982279,0.6387670040130615
0.01,0.07101691601565108,-0.1287563592195511
0.01,0.0721341660246253,-0.8029842972755432
0.01,0.07315725000808015,-0.9542420506477356
0.01,0.07426995801506564,-1.085066318511963
0.01,0.07543308305321261,-0.8311717510223389
0.01,0.07648541603703052,-0.5232940316200256
0.01,0.07763250003335997,-0.1014956384897232
0.01,0.07878662500297651,0.2849860191345215
0.01,0.07982220803387463,0.5363748073577881
0.01,0.08100350003223866,0.6155622601509094
0.01,0.0820765410317108,0.65583336353302
0.01,0.08316308300709352,0.49450787901878357
0.01,0.08431279100477695,0.34311139583587646
0.01,0.0854591250536032,0.004789463710039854
0.01,0.08652362501015887,-0.08921606093645096
0.01,0.0878510830225423,-0.2825690805912018
0.01,0.08911541604902595,-0.27010577917099
0.01,0.09022079105488956,-0.2268514484167099
0.01,0.09184387500863522,-0.0907505676150322
0.01,0.09289858303964138,0.028434623032808304
0.01,0.09396500000730157,0.1317652016878128
0.01,0.09502608299953863,0.1682981699705124
0.01,0.09609316603746265,0.20208467543125153
0.01,0.09721012500813231,0.16418860852718353
0.01,0.09826854104176164,0.16147471964359283
0.01,0.09938104101456702,0.08994723111391068
0.01,0.10039720800705254,-0.019566036760807037
0.01,0.10178270802134648,-0.035767555236816406
0.01,0.10305341600906104,-0.05800485238432884
0.01,0.10452954104403034,-0.03274354711174965
0.01,0.10704741603694856,-0.004629639443010092
0.01,0.10849812504602596,0.05686674267053604
0.01,0.10989037505351007,0.06079673022031784
0.01,0.11115954100387171,0.08607437461614609
0.01,0.11252345802495256,0.028042754158377647
0.01,0.11387341603403911,0.05963776260614395
0.01,0.11719858302967623,-0.0006710471934638917
0.01,0.11853591602994129,0.04514211416244507
0.01,0.11997158301528543,0.011012830771505833
0.01,0.12192750000394881,0.0515492707490921
0.01,0.12418037501629442,0.035208992660045624
0.01,0.125572708027903,0.02377406880259514
0.01,0.12717837502714247,0.034613169729709625
0.01,0.12870270805433393,0.06722433120012283
0.01,0.13030900002922863,-0.007090420927852392
0.01,0.13359841605415568,0.03719235211610794
0.01,0.1350494580110535,0.0014224984915927052
0.01,0.13635800004703924,-0.018223369494080544
0.01,0.1376701250555925,0.005532052367925644
0.01,0.13904791604727507,-0.015227923169732094
0.01,0.1405286660301499,0.06452678143978119
0.01,0.14229054102906957,0.0062380447052419186
0.01,0.14368858304806054,0.01192694902420044
0.01,0.14507400000002235,0.020346015691757202
0.01,0.14677887503057718,0.04262819141149521
0.01,0.15153479104628786,-0.037122443318367004
0.01,0.1526338750263676,0.015342723578214645
0.01,0.1538297080551274,0.027206145226955414
0.01,0.1548592080362141,-0.04313373193144798
0.01,0.15605179104022682,0.0023243732284754515
0.01,0.1571118330466561,-0.017080720514059067
0.01,0.15833825001027435,0.00589523371309042
0.01,0.15989437501411885,0.028136616572737694
0.01,0.16172454104525968,0.02459840662777424
0.01,0.16323004104197025,0.02685927040874958
0.01,0.1646396249998361,-0.005902889184653759
0.01,0.1663435410009697,-0.005760060157626867
0.01,0.16843845800030977,-0.002270814962685108
0.01,0.1699794580345042,-0.012734463438391685
0.01,0.171621875022538,-0.007902574725449085
0.01,0.1730396250495687,0.016224214807152748
0.01,0.17405495804268867,-0.0017688545631244779
0.01,0.17517570802010596,0.011106661520898342
0.01,0.17624008300481364,-0.005058126524090767
0.01,0.1773305830429308,-0.0077515775337815285
0.01,0.17843358300160617,-0.016697101294994354
0.01,0.17946237500291318,-0.006057969760149717
0.01,0.18069354101317003,0.01889725774526596
0.01,0.1818521660170518,0.030446449294686317
0.01,0.18346575001487508,-0.0037440545856952667
0.01,0.18475145800039172,-0.0009567367960698903
0.01,0.18612075003329664,0.006597166880965233
0.01,0.18732100003398955,-0.02690773271024227
0.01,0.1884338750387542,-0.006568098906427622
0.01,0.18947675003437325,-0.011873382143676281
0.01,0.19054791604867205,0.0019121806835755706
0.01,0.19187558302655816,-0.018794745206832886
0.01,0.1930929580121301,0.013440967537462711
0.01,0.19417508301557973,-0.019843557849526405
0.01,0.19584587501594797,0.0012265737168490887
0.01,0.1973182080546394,0.023627111688256264
0.01,0.20196129102259874,0.003826163476333022
0.01,0.20307791599771008,-0.04663114994764328
0.01,0.2041385000338778,0.03933483362197876
0.01,0.20525833300780505,0.008131610229611397
0.01,0.20636970800114796,-0.019831309095025063
0.01,0.20751562505029142,-0.004764305427670479
0.01,0.2088602080475539,0.04465235397219658
0.01,0.210053458053153,0.017783137038350105
0.01,0.2115267080371268,0.014383680187165737
0.01,0.21346904104575515,0.0016224338905885816
0.01,0.21480279101524502,0.022835401818156242
0.01,0.21661783300805837,-0.057547785341739655
0.01,0.21847412502393126,-0.001405663089826703
0.01,0.219945875054691,0.008400942198932171
0.01,0.22135487501509488,-0.014925971627235413
0.01,0.22242329100845382,-0.02990727126598358
0.01,0.2234495000448078,-0.043390851467847824
0.01,0.22445741604315117,0.022529320791363716
0.01,0.22680241602938622,0.02632056176662445
0.01,0.2288279160275124,-0.025234535336494446
0.01,0.23006583302048966,-0.0031237476505339146
0.01,0.23132683301810175,0.015008075162768364
0.01,0.232398624997586,-0.0118652218952775
0.01,0.23341933300253004,-0.02874010242521763
0.01,0.23464345803949982,-0.008416788652539253
0.01,0.23583441600203514,-0.041958414018154144
0.01,0.23696808301610872,0.009339584968984127
0.01,0.23801495804218575,-0.0025524089578539133
0.01,0.2391160000115633,0.02290070801973343
0.01,0.24027212505461648,0.007531710434705019
0.01,0.2420337910298258,-0.010338927619159222
0.01,0.24350629100808874,-0.03249460458755493
0.01,0.24537745804991573,0.011045441962778568
0.01,0.24672266602283344,-0.013007895089685917
0.01,0.24801775004016235,0.0024957717396318913
0.01,0.25097120803548023,-0.006710943765938282
0.01,0.2523784580407664,-0.034453488886356354
0.01,0.2536425410071388,0.010298602283000946
0.01,0.254966750042513,0.011914672330021858
0.01,0.25632650003535673,0.019848113879561424
0.01,0.25915337505284697,-0.020574059337377548
0.01,0.26066050003282726,0.0006837906548753381
0.01,0.2633473750320263,-0.0370694138109684
0.01,0.26475175004452467,0.022027350962162018
0.01,0.2657616250216961,-0.0202231053262949
0.01,0.26684625004418194,-0.061922624707221985
0.01,0.26792837504763156,0.01927676424384117
0.01,0.2690300830290653,0.0013081802753731608
0.01,0.27012370800366625,-0.019268151372671127
0.01,0.2713152500218712,-0.023100189864635468
0.01,0.27238445804687217,-0.02063935436308384
0.01,0.27340029104379937,0.0026998145040124655
0.01,0.274433916027192,-0.0005608945502899587
0.01,0.2754469580249861,-0.026181327179074287
0.01,0.2765555410296656,-0.006878257263451815
0.01,0.2777611660421826,-0.03241299092769623
0.01,0.27895095804706216,-0.00537237199023366
0.01,0.2800740410457365,0.011869791895151138
0.01,0.2811195000540465,0.002185613149777055
0.01,0.2822094580042176,-0.04491305351257324
0.01,0.2833831250318326,-0.05427484214305878
0.01,0.2844155830098316,-0.015660548582673073
0.01,0.28546608303440735,-0.018488671630620956
0.01,0.286662791040726,-0.030445963144302368
0.01,0.2884600830147974,0.0017489463789388537
0.01,0.2898980410536751,-0.034984007477760315
0.01,0.29179950000252575,-0.04376630112528801
0.01,0.2936793750268407,0.019819539040327072
0.01,0.2953181250486523,-0.020145561546087265
0.01,0.29678062500897795,-0.042684849351644516
0.01,0.3030745830037631,-0.0986270010471344
0.01,0.3042364160064608,0.04378718510270119
0.01,0.3053367910324596,0.6892849206924438
0.01,0.30643012502696365,1.1704823970794678
0.01,0.3074902500375174,1.997604250907898
0.01,0.30858620803337544,2.3718013763427734
0.01,0.30978579103248194,2.4480676651000977
0.01,0.31120683305198327,1.90247642993927
0.01,0.3122875830158591,1.3329583406448364
0.01,0.3134199160267599,0.5299917459487915
0.01,0.3144460000330582,-0.005050046369433403
0.01,0.31542720802826807,-0.6136803030967712
0.01,0.31641374999890104,-0.7726345062255859
0.01,0.31743087503127754,-0.822622537612915
0.01,0.3185207500355318,-0.6793268322944641
0.01,0.3197055000346154,-0.26870614290237427
0.01,0.3211223750258796,0.12175855785608292
0.01,0.3222883330308832,0.38163578510284424
0.01,0.32342208304908127,0.537794828414917
0.01,0.32447320804931223,0.539794385433197
0.01,0.32555583299836144,0.5366601347923279
0.01,0.3276535830227658,0.19884827733039856
0.01,0.3291725410381332,0.029050692915916443
0.01,0.3305364160332829,-0.07335349917411804
0.01,0.3337469580001198,0.08614777773618698
0.01,0.3364014580147341,0.22104069590568542
0.01,0.3378738750470802,0.23323462903499603
0.01,0.3388997500296682,0.2524927854537964
0.01,0.3401574160088785,0.24159649014472961
0.01,0.34122550004394725,0.27487289905548096
0.01,0.34230175003176555,0.21727797389030457
0.01,0.34346341603668407,0.2092587947845459
0.01,0.34460904099978507,0.18562988936901093
0.01,0.34585429105209187,0.24855871498584747
0.01,0.3470892910263501,0.22805985808372498
0.01,0.34816408302867785,0.24003753066062927
0.01,0.3491764159989543,0.24664057791233063
0.01,0.35027479100972414,0.3009829521179199
0.01,0.35146466601872817,0.30725136399269104
0.01,0.35261370800435543,0.31398096680641174
0.01,0.3537178750266321,0.30956536531448364
0.01,0.35483691602712497,0.32410192489624023
0.01,0.3560885830083862,0.31849053502082825
0.01,0.3571683330228552,0.3159480690956116
0.01,0.35828166600549594,0.31127530336380005
0.01,0.3594475000281818,0.35935747623443604
0.01,0.3614348330302164,0.30393365025520325
0.01,0.36303554102778435,0.37307778000831604
0.01,0.36440654104808345,0.3936663568019867
0.01,0.3669865000410937,0.4433155655860901
0.01,0.3697385410196148,0.41188809275627136
0.01,0.3716835000086576,0.42562463879585266
0.01,0.37294887501047924,0.4315379858016968
0.01,0.37401004100684077,0.4656917452812195
0.01,0.3750432910164818,0.4782692790031433
0.01,0.37614562502130866,0.43523120880126953
0.01,0.3773336660233326,0.46307992935180664
0.01,0.37843570800032467,0.4463478624820709
0.01,0.3794537910143845,0.4849621057510376
0.01,0.38090158300474286,0.49605420231819153
0.01,0.3820943750324659,0.486778199672699
0.01,0.3832616660511121,0.49539726972579956
0.01,0.38438358303392306,0.5112600326538086
0.01,0.38538362504914403,0.5124108791351318
0.01,0.3864682500134222,0.5645291209220886
0.01,0.3875248750555329,0.5337789058685303
0.01,0.38857083301991224,0.5644884705543518
0.01,0.38973450002959,0.5575833916664124
0.01,0.3908915410283953,0.5574814677238464
0.01,0.3919574580504559,0.5576080083847046
0.01,0.3930644580395892,0.5635213255882263
0.01,0.39418141602072865,0.61928790807724
0.01,0.3952737080398947,0.5891621112823486
0.01,0.3966245410265401,0.6155414581298828
0.01,0.398050083022099,0.5950592160224915
0.01,0.4006969160400331,0.6052246689796448
0.01,0.4037057500099763,0.6277477741241455
0.01,0.4048814999987371,0.6329797506332397
0.01,0.4060305410530418,0.629376232624054
0.01,0.40712395805167034,0.657596230506897
0.01,0.4082447910332121,0.6796826720237732
0.01,0.40939883299870417,0.6918113231658936
0.01,0.4109484160435386,0.7166522741317749
0.01,0.4120450000045821,0.7438236474990845
0.01,0.41317145799985155,0.7548912763595581
0.01,0.4142805830342695,0.7207660675048828
0.01,0.4154119580052793,0.7579030394554138
0.01,0.4164369160425849,0.7355964183807373
0.01,0.41747591603780165,0.732556164264679
0.01,0.4184989160276018,0.7469212412834167
0.01,0.41960454103536904,0.7415955066680908
0.01,0.4209523330209777,0.7643102407455444
0.01,0.4221785830450244,0.7674852013587952
0.01,0.4236393750179559,0.7910610437393188
0.01,0.4251900830422528,0.7687137126922607
0.01,0.4272507500136271,0.8162572383880615
0.01,0.42878504103282467,0.7991008162498474
0.01,0.43014733301242813,0.8466156721115112
0.01,0.4314607080304995,0.842747151851654
0.01,0.43363462504930794,0.8475626111030579
0.01,0.4354167500277981,0.8341767191886902
0.01,0.43692633300088346,0.8585564494132996
0.01,0.4381535830325447,0.9030106067657471
0.01,0.4394998750067316,0.9207914471626282
0.01,0.4429954160004854,0.9891479015350342
0.01,0.44462675001705065,0.962931752204895
0.01,0.44599245802965015,0.9457221627235413
0.01,0.4472816660418175,0.9080262184143066
0.01,0.45068729104241356,0.9025861620903015
0.01,0.4528078330331482,0.9951103925704956
0.01,0.4541085410164669,1.0162831544876099
0.01,0.45522908301791176,1.0556446313858032
0.01,0.4563155000214465,1.0203193426132202
0.01,0.4574222500086762,0.9971964359283447
0.01,0.4584957910119556,0.9922580122947693
0.01,0.45972870802506804,1.031358003616333
0.01,0.4608605829998851,1.0732370615005493
0.01,0.46204562502680346,1.0427316427230835
0.01,0.46314433304360136,1.0294725894927979
0.01,0.4643248750362545,1.0819133520126343
0.01,0.46544341603294015,1.0571132898330688
0.01,0.4664743750472553,1.0722007751464844
0.01,0.4677893750485964,1.0607492923736572
0.01,0.4688855410204269,1.101171612739563
0.01,0.4704101660172455,1.1756864786148071
0.01,0.47198108304291964,1.1101746559143066
0.01,0.47340116603299975,1.1581302881240845
0.01,0.4746660000528209,1.152228832244873
0.01,0.4759033750160597,1.1826285123825073
0.01,0.4774253750219941,1.151874303817749
0.01,0.47883620799984783,1.2054942846298218
0.01,0.480262000055518,1.1926473379135132
0.01,0.48527583305258304,1.195879578590393
0.01,0.48638791602570564,1.190496563911438
0.01,0.4874444160377607,1.205865502357483
0.01,0.4886258330079727,1.2353994846343994
0.01,0.48986058303853497,1.2425453662872314
0.01,0.4909253330552019,1.2251273393630981
0.01,0.49205550004262477,1.2593060731887817
0.01,0.4932879160041921,1.2461817264556885
0.01,0.4944527500192635,1.2695698738098145
0.01,0.4959463750128634,1.2964591979980469
0.01,0.4970143750542775,1.296973466873169
0.01,0.49807183304801583,1.2859957218170166
0.01,0.49913945799926296,1.2888197898864746
0.01,0.5005882910336368,1.305453896522522
0.01,0.5018738330109045,1.3040789365768433
0.01,0.503028791048564,1.3430323600769043
0.01,0.5042155410046689,1.315812110900879
0.01,0.5052992910495959,1.348317265510559
0.01,0.5064146250369959,1.3326829671859741
0.01,0.5074444580241106,1.3619110584259033
0.01,0.5084607500466518,1.3471782207489014
0.01,0.5095814579981379,1.3552178144454956
0.01,0.510774708003737,1.3609600067138672
0.01,0.5119627080275677,1.3586541414260864
0.01,0.5134900000412017,1.4255579710006714
0.01,0.5195558750419877,1.4552102088928223
0.01,0.5215706250164658,1.4167184829711914
0.01,0.5228207080508582,1.4542548656463623
0.01,0.5239217500202358,1.5426819324493408
0.01,0.5278141250018962,1.5396870374679565
0.01,0.5291842910228297,1.4689022302627563
0.01,0.5305001660017297,1.4828099012374878
0.01,0.5317362080095336,1.4984116554260254
0.01,0.5328608330455609,1.4709264039993286
0.01,0.5339647910441272,1.466841220855713
0.01,0.5351848750142381,1.5419317483901978
0.01,0.536257291038055,1.5712049007415771
0.01,0.5373923750012182,1.5732207298278809
0.01,0.5384664160083048,1.6696219444274902
0.01,0.5395167500246316,1.6295344829559326
0.01,0.5405392910470255,1.6478087902069092
0.01,0.541668165998999,1.6582190990447998
0.01,0.5428618750302121,1.6083372831344604
0.01,0.5439874160219915,1.561320185661316
0.01,0.5450579580501653,1.5667071342468262
0.01,0.546165791049134,1.594303011894226
0.01,0.5474024580325931,1.604227900505066
0.01,0.5484503750340082,1.6110066175460815
0.01,0.5494769160286523,1.69481360912323
0.01,0.5505408750032075,1.6750046014785767
0.01,0.5515947079984471,1.719740629196167
0.01,0.5535467500449158,1.7175449132919312
0.01,0.5548503330210224,1.7107133865356445
0.01,0.5562666660407558,1.6626800298690796
0.01,0.5578029160387814,1.6956422328948975
0.01,0.5594042910379358,1.7053756713867188
0.01,0.5610513749998063,1.7460672855377197
0.01,0.5623887910041958,1.811228632926941
0.01,0.5638860410545021,1.8137993812561035
0.01,0.5666535000200383,1.8108402490615845
0.01,0.5680990410037339,1.8331347703933716
0.01,0.5697417909977958,1.7652109861373901
0.01,0.5712758330046199,1.8291678428649902
0.01,0.5736696250387467,1.8357458114624023
0.01,0.5751901250332594,1.8752986192703247
0.01,0.576355291006621,1.8983155488967896
0.01,0.5774299160111696,1.8879005908966064
0.01,0.5784952079993673,1.916765570640564
0.01,0.5797529999981634,1.8920674324035645
0.01,0.5809995000017807,1.9377501010894775
0.01,0.5820613750256598,1.9248300790786743
0.01,0.5831562910461798,1.942986249923706
0.01,0.5843511660350487,2.025761127471924
0.01,0.5854642910417169,1.947691798210144
0.01,0.5865243330481462,1.958943247795105
0.01,0.5876082500326447,2.0102779865264893
0.01,0.588810375018511,2.0294296741485596
0.01,0.5903430830221623,2.0109431743621826
0.01,0.5914254160015844,2.0355303287506104
0.01,0.5924378330237232,2.047189950942993
0.01,0.5934891250217333,2.0384693145751953
0.01,0.594665625016205,2.0299768447875977
0.01,0.5957477500196546,2.0328946113586426
0.01,0.5967945830198005,2.0152926445007324
0.01,0.5978502500220202,2.0683209896087646
0.01,0.6001272910507396,2.1086249351501465
0.01,0.6016496250522323,2.1524178981781006
0.01,0.6030152500024997,2.082298517227173
0.01,0.6042847080389038,2.0879054069519043
0.01,0.605604125012178,2.07741117477417
0.01,0.6069788750028238,2.155888795852661
0.01,0.6086527910083532,2.1945927143096924
0.01,0.6106923330225982,2.1573572158813477
0.01,0.6121187080279924,2.1352829933166504
0.01,0.6136474160011858,2.1652419567108154
0.01,0.6182194160064682,2.2217884063720703
0.01,0.6196785830543377,2.233818769454956
0.01,0.6210372080095112,2.3093464374542236
0.01,0.6223169160075486,2.255155086517334
0.01,0.6234744160319678,2.301234483718872
0.01,0.6248235410312191,2.337355375289917
0.01,0.6262152910348959,2.2976763248443604
0.01,0.6274250410497189,2.334923267364502
0.01,0.6285555000067689,2.2918264865875244
0.01,0.6302005830220878,2.3012332916259766
0.01,0.631237208028324,2.2755799293518066
0.01,0.6323983330512419,2.2800159454345703
0.01,0.6338425410212949,2.353130340576172
0.01,0.6418347500148229,2.3901736736297607
0.01,0.6435004580416717,2.441251754760742
0.01,0.6448289580293931,2.4595425128936768
0.01,0.6458150830003433,2.4813387393951416
0.01,0.6467960410518572,2.498744249343872
0.01,0.6478812910499983,2.5093178749084473
0.01,0.6490951250307262,2.5402438640594482
0.01,0.6503086660522968,2.450111150741577
0.01,0.651422958006151,2.4619336128234863
0.01,0.6531953330268152,2.438998222351074
0.01,0.6546546660247259,2.490537405014038
0.01,0.6559427080210298,2.4678831100463867
0.01,0.6571949160424992,2.5267186164855957
0.01,0.6586005830322392,2.581824779510498
0.01,0.6603752080118284,2.6398403644561768
0.01,0.6626726660178974,2.6263034343719482
0.01,0.6641079160035588,2.6041078567504883
0.01,0.6679717910010368,2.6075026988983154
0.01,0.6691165410447866,2.6129629611968994
0.01,0.670315791037865,2.623782157897949
0.01,0.6714241660083644,2.5995166301727295
0.01,0.6724757910124026,2.6464078426361084
0.01,0.6734857080155052,2.6845037937164307
0.01,0.674533125013113,2.7070469856262207
0.01,0.6756271659978665,2.7435755729675293
0.01,0.6768645830452442,2.736997365951538
0.01,0.6780380410491489,2.765972137451172
0.01,0.6791088330210187,2.758418083190918
0.01,0.680185416014865,2.6898858547210693
0.01,0.6812299160519615,2.768632650375366
0.01,0.6823384580202401,2.7554917335510254
0.01,0.6834360000211746,2.767057180404663
0.01,0.6844743330148049,2.752614736557007
0.01,0.6855506660067476,2.7955877780914307
0.01,0.6866685830173083,2.8010194301605225
0.01,0.6877701250487007,2.8239548206329346
0.01,0.688860000052955,2.8279740810394287
0.01,0.690052125020884,2.849673271179199
0.01,0.6910827500396408,2.8581125736236572
0.01,0.6925545830163173,2.8319361209869385
0.01,0.6940997909987345,2.8931186199188232
0.01,0.6959204580052756,2.880831003189087
0.01,0.6978188330540434,2.92181134223938
0.01,0.7031689160503447,2.9396002292633057
0.01,0.7044034580467269,2.9084179401397705
0.01,0.7054764160420746,3.012164831161499
0.01,0.7064608750515617,3.0449678897857666
0.01,0.707478083029855,3.058255910873413
0.01,0.7085809580166824,3.013495922088623
0.01,0.7099921250483021,3.0318686962127686
0.01,0.7110519999987446,3.039785861968994
0.01,0.7121945830294862,3.0826363563537598
0.01,0.713302125048358,2.9957733154296875
0.01,0.7144307499984279,2.988028049468994
0.01,0.7154782080324367,2.9756171703338623
0.01,0.7165237080189399,3.027041435241699
0.01,0.7175929160439409,3.067120313644409
0.01,0.7187898330157623,3.124506950378418
0.01,0.7200150830321945,3.0739681720733643
0.01,0.7212159160408191,3.1195080280303955
0.01,0.7223348750267178,3.092846393585205
0.01,0.7238265000050887,3.1390066146850586
0.01,0.7260945000452921,3.1480987071990967
0.01,0.7275454580085352,3.0805742740631104
0.01,0.7290679160505533,3.095956325531006
0.01,0.7303987910272554,3.1430954933166504
0.01,0.7316310410387814,3.165745258331299
0.01,0.735814500018023,3.2833917140960693
0.01,0.7368685410474427,3.2364726066589355
0.01,0.7380307500134222,3.2233893871307373
0.01,0.7390929160173982,3.1927130222320557
0.01,0.7401446660514921,3.241264820098877
0.01,0.7412925410317257,3.1740803718566895
0.01,0.7423740000231192,3.1675751209259033
0.01,0.7434070410090499,3.133625030517578
0.01,0.7444664160138927,3.240567684173584
0.01,0.7456299580517225,3.2533977031707764
0.01,0.7468560410197824,3.287787675857544
0.01,0.7479882080224343,3.3405635356903076
0.01,0.749173000047449,3.3726112842559814
0.01,0.7502783750533126,3.3451991081237793
0.01,0.7514418750070035,3.3172447681427
0.01,0.7528575830510817,3.3114664554595947
0.01,0.7539766250411049,3.302358388900757
0.01,0.7554106250172481,3.327521800994873
0.01,0.7564662500517443,3.2598841190338135
0.01,0.7575137910316698,3.196662187576294
0.01,0.7585260409978218,3.2930099964141846
0.01,0.7599180410034023,3.36588454246521
0.01,0.7609480410465039,3.375037908554077
0.01,0.7620622500544414,3.4009485244750977
0.01,0.7634606250212528,3.428781032562256
0.01,0.7649146250332706,3.371096611022949
0.01,0.7683888330357149,3.4223618507385254
0.01,0.7699651660514064,3.4071640968322754
0.01,0.7711347910226323,3.4142611026763916
0.01,0.772294458001852,3.4253251552581787
0.01,0.77346416603541,3.4717750549316406
0.01,0.7745507080107927,3.515808343887329
0.01,0.7756585410097614,3.4925830364227295
0.01,0.7767855830024928,3.4996395111083984
0.01,0.7778692910214886,3.4720847606658936
0.01,0.7789938330533914,3.4718358516693115
0.01,0.7800980000174604,3.4513003826141357
0.01,0.7811810830025934,3.4533448219299316
0.01,0.7822122500510886,3.47013783454895
0.01,0.7832441250211559,3.5090174674987793
0.01,0.7843749160529114,3.566526412963867
0.01,0.7854230829980224,3.6334877014160156
0.01,0.7866498750518076,3.594412088394165
0.01,0.7878946250420995,3.634584426879883
0.01,0.7890655000228435,3.5871996879577637
0.01,0.7902498750481755,3.573535919189453
0.01,0.7913800830137916,3.505558729171753
0.01,0.7924252500524744,3.5407612323760986
0.01,0.7938204579986632,3.5306198596954346
0.01,0.7958796250168234,3.5694780349731445
0.01,0.7974165830528364,3.672632932662964
0.01,0.8009433330153115,3.670987606048584
0.01,0.802417166007217,3.57896089553833
0.01,0.8037924160016701,3.572721242904663
0.01,0.8054046660545282,3.5746469497680664
0.01,0.8068675410468131,3.6108782291412354
0.01,0.8086019160109572,3.661698341369629
0.01,0.810623083030805,3.7042152881622314
0.01,0.8121918750111945,3.7039620876312256
0.01,0.8136697500012815,3.661985158920288
0.01,0.8150244160206057,3.616473436355591
0.01,0.8180834579980001,3.670673131942749
0.01,0.8197977500385605,3.666335344314575
0.01,0.8209046660340391,3.6874470710754395
0.01,0.822068500041496,3.7086923122406006
0.01,0.823274374997709,3.7362468242645264
0.01,0.8244396250229329,3.744368314743042
0.01,0.8255408330005594,3.745927572250366
0.01,0.8265770410071127,3.755133628845215
0.01,0.8277527910540812,3.773322582244873
0.01,0.8288238750537857,3.7968289852142334
0.01,0.8298632500227541,3.8160879611968994
0.01,0.8310293750255369,3.896785259246826
0.01,0.8320788750424981,3.850980281829834
0.01,0.8331957909977064,3.8899412155151367
0.01,0.8343797080451623,3.879755735397339
0.01,0.8354582500178367,3.852217674255371
0.01,0.8365862080245279,3.8344366550445557
0.01,0.8379749580053613,3.8273401260375977
0.01,0.8396378750330769,3.8250622749328613
0.01,0.8407250410527922,3.85408616065979
0.01,0.8419611660065129,3.9108357429504395
0.01,0.8430813330342062,3.9211442470550537
0.01,0.8441391250235029,3.936790704727173
0.01,0.8451772500411607,3.9705111980438232
0.01,0.8462728330050595,3.971858024597168
0.01,0.8474866250180639,3.958052635192871
0.01,0.8486665000091307,3.982424259185791
0.01,0.8498555410187691,3.971123695373535
0.01,0.8510527500184253,3.9616281986236572
0.01,0.8521455830195919,3.996373176574707
0.01,0.8531937500229105,4.042398452758789
0.01,0.854404958023224,4.076822280883789
0.01,0.8555278750136495,4.052196025848389
0.01,0.8567824580240995,4.052003860473633
0.01,0.8578675000462681,3.997004270553589
0.01,0.8589862080407329,3.961679458618164
0.01,0.8600848750211298,4.003493309020996
0.01,0.8611900410032831,3.976036548614502
0.01,0.8624076250125654,3.956749677658081
0.01,0.8634932080167346,4.0362348556518555
0.01,0.8647800830076449,4.039888381958008
0.01,0.8658731250325218,4.049288272857666
0.01,0.8669853330357,4.058322429656982
0.01,0.8680455830181018,4.060929298400879
0.01,0.8694898750400171,4.055027484893799
0.01,0.8706372080487199,4.0991010665893555
0.01,0.8719046660116874,4.058581829071045
0.01,0.8730119160027243,4.096853256225586
0.01,0.8740867500309832,4.116543769836426
0.01,0.8751157080405392,4.180606842041016
0.01,0.876165583031252,4.112478256225586
0.01,0.8772122080554254,4.1166486740112305
0.01,0.8784029160160571,4.060964107513428
0.01,0.8795391660532914,4.041317462921143
0.01,0.8806397910229862,4.061592102050781
0.01,0.881839708017651,4.0741496086120605
0.01,0.8829487910261378,4.145921230316162
0.01,0.8841174580156803,4.150104522705078
0.01,0.8852815410355106,4.16565465927124
0.01,0.8864517500041984,4.167706489562988
0.01,0.8875246250536293,4.1623640060424805
0.01,0.8885252080508508,4.203834533691406
0.01,0.8895542500540614,4.1762919425964355
0.01,0.8907556660124101,4.267544269561768
0.01,0.891837208007928,4.233671188354492
0.01,0.8929416250321083,4.251986503601074
0.01,0.8940458330325782,4.294061183929443
0.01,0.8951579160057008,4.313790321350098
0.01,0.8961751660099253,4.269352912902832
0.01,0.8972202500444837,4.298340320587158
0.01,0.8982511250069365,4.301536560058594
0.01,0.8994533750228584,4.305859088897705
0.01,0.900462708028499,4.326722145080566
0.01,0.9015447500278242,4.4465765953063965
0.01,0.9026017080177553,4.416924476623535
0.01,0.9038122080382891,4.412320613861084
0.01,0.9050304160336964,4.420976638793945
0.01,0.9061452080495656,4.34279203414917
0.01,0.9072800000431016,4.361095428466797
0.01,0.9084013330284506,4.345053195953369
0.01,0.9094782910542563,4.447329998016357
0.01,0.9107837910414673,4.415428638458252
0.01,0.911902291001752,4.519350528717041
0.01,0.9130778750404716,4.476125240325928
0.01,0.9141955410013907,4.53260612487793
0.01,0.9153537500533275,4.510776996612549
0.01,0.9164642910473049,4.473504543304443
0.01,0.9178865410503931,4.47180700302124
0.01,0.9195364160113968,4.526627063751221
0.01,0.9209140830207616,4.534426689147949
0.01,0.9222575830062851,4.62160062789917
0.01,0.923683125001844,4.549086570739746
0.01,0.9250493750441819,4.5564656257629395
0.01,0.9263446660479531,4.586423873901367
0.01,0.9276544580352493,4.606118679046631
0.01,0.9289866250474006,4.636665344238281
0.01,0.930411625013221,4.677945137023926
0.01,0.9328027910087258,4.681949138641357
0.01,0.9342717080144212,4.626520156860352
0.01,0.9357484159991145,4.642444610595703
0.01,0.9371654580463655,4.675994873046875
0.01,0.9388735410175286,4.719882011413574
0.01,0.9402675410383381,4.735267162322998
0.01,0.9416447500116192,4.7600603103637695
0.01,0.9430108750239015,4.698850631713867
0.01,0.9444030830054544,4.74314546585083
0.01,0.9457377910148352,4.7888078689575195
0.01,0.9470869160140865,4.828356742858887
0.01,0.9485820830450393,4.854870319366455
0.01,0.9503663330106065,4.92340612411499
0.01,0.9517471660510637,4.886341571807861
0.01,0.9532542500528507,4.881818771362305
0.01,0.9546215830487199,4.925783634185791
0.01,0.9559678330551833,4.962724208831787
0.01,0.9571105830254965,4.969683647155762
0.01,0.9582512080087326,5.011247634887695
0.01,0.9593884160276502,5.013476371765137
0.01,0.9604280830244534,5.015316963195801
0.01,0.9614871660014614,4.987614631652832
0.01,0.9627837080042809,5.034909248352051
0.01,0.9644522910239175,5.103654384613037
0.01,0.9676904580555856,5.058106422424316
0.01,0.9695500410161912,5.045032501220703
0.01,0.9710355410352349,5.112462520599365
0.01,0.9725302910082974,5.095094203948975
0.01,0.9744518750230782,5.067749500274658
0.01,0.9759117500507273,5.070451259613037
0.01,0.97721691604238,5.147985935211182
0.01,0.9785476660472341,5.128524303436279
0.01,0.9798752080532722,5.11858606338501
0.01,0.9814417500165291,5.1911702156066895
0.01,0.9831542910542339,5.215929985046387
0.01,0.9845282500027679,5.2061767578125
0.01,0.985872958030086,5.192892551422119
0.01,0.9871112910332158,5.177842140197754
0.01,0.9883365000132471,5.196256637573242
0.01,0.989621666027233,5.224998950958252
0.01,0.991638291045092,5.224946975708008
0.01,0.9932900830172002,5.193467617034912
0.01,0.9951467910432257,5.186992645263672
0.01,0.9966327500296757,5.303577423095703
0.01,0.9981821660185233,5.296145439147949
0.01,0.9992741250316612,5.309200286865234
0.01,1.0004789580125362,5.340902328491211
0.01,1.0015417910180986,5.298725128173828
0.01,1.0027721660444513,5.243399620056152
0.01,1.0038940000231378,5.295600414276123
0.01,1.0049225000548176,5.26790714263916
0.01,1.0059376660501584,5.332067966461182
0.01,1.0070292500313371,5.277463912963867
0.01,1.0085504580056295,5.272219181060791
0.01,1.0105782500468194,5.342169761657715
0.01,1.012466166052036,5.355461597442627
0.01,1.01456533302553,5.37546443939209
0.01,1.0177142500178888,5.365000247955322
0.01,1.0195318750338629,5.4009504318237305
0.01,1.0214200830087066,5.4024529457092285
0.01,1.0225476250052452,5.353347301483154
0.01,1.0247167500201613,5.324682235717773
0.01,1.0265654580434784,5.334263801574707
0.01,1.02851037500659,5.415920257568359
0.01,1.0295975000481121,5.43048095703125
0.01,1.0309550410020165,5.407851219177246
0.01,1.032516416045837,5.428640365600586
0.01,1.0345817500492558,5.351127624511719
0.01,1.0360436250339262,5.44265604019165
0.01,1.0372759160236456,5.415496349334717
0.01,1.0384460409986787,5.357807636260986
0.01,1.039783291053027,5.427628040313721
0.01,1.0414842910249718,5.500671863555908
0.01,1.0436702910228632,5.527546405792236
0.01,1.0456365830032155,5.532022953033447
0.01,1.0474563330062665,5.526954174041748
0.01,1.0497519580530934,5.541082382202148
0.01,1.0517166660283692,5.589149475097656
0.01,1.0550796250463463,5.542148113250732
0.01,1.0567085000220686,5.580933570861816
0.01,1.058401958027389,5.631829261779785
0.01,1.059537833032664,5.664709568023682
0.01,1.0626216660020873,5.628509998321533
0.01,1.0644653330091387,5.608558654785156
0.01,1.0666882500518113,5.564371109008789
0.01,1.069018500042148,5.553348064422607
0.01,1.0704569580266252,5.59886360168457
0.01,1.0724806250073016,5.689795017242432
0.01,1.0734660410089418,5.715737342834473
0.01,1.0744785830029286,5.710896968841553
0.01,1.075529333029408,5.704629421234131
0.01,1.076841708039865,5.704719543457031
0.01,1.077953416039236,5.6570940017700195
0.01,1.0790060000144877,5.637967109680176
0.01,1.0800572910229675,5.689330577850342
0.01,1.0811278330511414,5.634955406188965
0.01,1.0822117080097087,5.672422885894775
0.01,1.0833884160383604,5.64987850189209
0.01,1.0844190409989096,5.67818021774292
0.01,1.0855441250023432,5.657186508178711
0.01,1.0865724160103127,5.678215980529785
0.01,1.0878457080107182,5.7455949783325195
0.01,1.088921750022564,5.803321361541748
0.01,1.0901367500191554,5.830256462097168
0.01,1.0912608330254443,5.873127460479736
0.01,1.0923717910191044,5.889586925506592
0.01,1.0934627910028212,5.977464199066162
0.01,1.0944984160014428,5.935580253601074
0.01,1.0958885830477811,5.956357002258301
0.01,1.0969985830015503,5.930366039276123
0.01,1.0980642909999005,5.890050411224365
0.01,1.0991431660368107,5.881794452667236
0.01,1.1002455410198309,5.987527847290039
0.01,1.101336750027258,6.032386302947998
0.01,1.1024260830017738,6.039150238037109
0.01,1.1034778750035912,6.049093723297119
0.01,1.104643875034526,6.041642665863037
0.01,1.1058361250325106,6.038084983825684
0.01,1.1070457910536788,6.046769142150879
0.01,1.1080982080311514,6.0300774574279785
0.01,1.1092114160419442,6.079563617706299
0.01,1.1102577080018818,6.059061050415039
0.01,1.1114085410372354,6.0400848388671875
0.01,1.1124355409992859,6.018200874328613
0.01,1.1134501250344329,6.092295169830322
0.01,1.1144880830543116,6.110534191131592
0.01,1.115566625026986,6.158510208129883
0.01,1.1167307910509408,6.155013561248779
0.01,1.1178227080381475,6.165779113769531
0.01,1.1189685410354286,6.181086540222168
0.01,1.1201094160205685,6.201050758361816
0.01,1.1211727080517448,6.203973293304443
0.01,1.1222407500026748,6.249122142791748
0.01,1.1234116660198197,6.25901460647583
0.01,1.124437166028656,6.223248481750488
0.01,1.1254894580342807,6.212449550628662
0.01,1.1266698330291547,6.2788920402526855
0.01,1.1278320000274107,6.305935859680176
0.01,1.128975875035394,6.359760284423828
0.01,1.1300883330404758,6.378868579864502
0.01,1.1311959160375409,6.421330451965332
0.01,1.1322894580080174,6.462454319000244
0.01,1.1334050000295974,6.471449851989746
0.01,1.1344762080116197,6.4552717208862305
0.01,1.1356380000361241,6.50623893737793
0.01,1.136889333021827,6.440134525299072
0.01,1.1381207079975866,6.479348659515381
0.01,1.139269083039835,6.506892204284668
0.01,1.1404160000383854,6.471420764923096
0.01,1.1414404160459526,6.56492805480957
0.01,1.142490541038569,6.569211959838867
0.01,1.1437913750414737,6.535173416137695
0.01,1.1449902080348693,6.5380096435546875
0.01,1.1461695000180043,6.567176342010498
0.01,1.1476152500254102,6.5524773597717285
0.01,1.1491627500508912,6.5702290534973145
0.01,1.1504470410291106,6.521137714385986
0.01,1.1518932500039227,6.4656243324279785
0.01,1.1533307910431176,6.496186256408691
0.01,1.1546473750495352,6.546100616455078
0.01,1.1570647500338964,6.656613826751709
0.01,1.1591643750434741,6.647515773773193
0.01,1.1612332080258057,6.713819980621338
0.01,1.1626428750460036,6.695667743682861
0.01,1.1639704160043038,6.647965431213379
0.01,1.1661732910433784,6.583071708679199
0.01,1.1675716660101898,6.657689571380615
0.01,1.1689602080150507,6.707432270050049
0.01,1.1703697080374695,6.6942267417907715
0.01,1.1718996250419877,6.708500862121582
0.01,1.1752322080428712,6.709059715270996
0.01,1.1807842910056934,6.705047130584717
0.01,1.1824610830517486,6.684116363525391
0.01,1.1836433749995194,6.756021499633789
0.01,1.1851522500510328,6.782815933227539
0.01,1.1864127910230309,6.783416271209717
0.01,1.1876260000281036,6.759032249450684
0.01,1.188847916026134,6.702175140380859
0.01,1.1902148330118507,6.687398910522461
0.01,1.1915293330093846,6.662741661071777
0.01,1.192823625053279,6.738028049468994
0.01,1.194180625025183,6.776881694793701
0.01,1.1979638330521993,6.74798583984375
0.01,1.2112211660132743,6.87675142288208
0.01,1.212575083016418,6.871720790863037
0.01,1.2140160410199314,6.842305660247803
0.01,1.2152591660269536,6.876577854156494
0.01,1.216447375016287,6.9247283935546875
0.01,1.2174767500255257,6.941973686218262
0.01,1.218609291012399,6.953664779663086
0.01,1.219933625019621,6.899837017059326
0.01,1.2210905000101775,6.8599748611450195
0.01,1.2222419580211863,6.849976062774658
0.01,1.2234241250553168,6.807433128356934
0.01,1.224644583009649,6.784554958343506
0.01,1.225961250020191,6.851944923400879
0.01,1.227117458009161,6.846823692321777
0.01,1.228946375020314,6.925136566162109
0.01,1.230394750018604,6.949862957000732
0.01,1.2339843330555595,6.8842973709106445
0.01,1.2357257500407286,6.866994380950928
0.01,1.2371069580549374,6.8657684326171875
0.01,1.2386203750502318,6.947147846221924
0.01,1.2429796250071377,7.066965579986572
0.01,1.2444411660544574,7.159366607666016
0.01,1.2454944160417654,7.218985557556152
0.01,1.2466237500193529,7.185700416564941
0.01,1.2478087909985334,7.163451194763184
0.01,1.248975499998778,7.11328649520874
0.01,1.2501150830066763,7.163658142089844
0.01,1.2513070410350338,7.210700035095215
0.01,1.2526593330549076,7.183969974517822
0.01,1.2539747499977238,7.212414264678955
0.01,1.2552606660174206,7.208834648132324
0.01,1.2566235000267625,7.17760705947876
0.01,1.2588814580230974,7.229746341705322
0.01,1.260206958046183,7.194580078125
0.01,1.2615202500019222,7.256779193878174
0.01,1.2629000000306405,7.331356525421143
0.01,1.2642071660375223,7.377675533294678
0.01,1.2673698750440963,7.4368672370910645
0.01,1.2688298750435933,7.486785888671875
0.01,1.270158875035122,7.4269795417785645
0.01,1.2714602080523036,7.418490886688232
0.01,1.2725442500086501,7.4847092628479
0.01,1.2737580829998478,7.495771884918213
0.01,1.2748226660187356,7.542122840881348
0.01,1.275942208012566,7.544848918914795
0.01,1.2770930000115186,7.631545543670654
0.01,1.2784103750018403,7.7009992599487305
0.01,1.2794810000341386,7.693275451660156
0.01,1.2807571250014007,7.764162063598633
0.01,1.2819902910268866,7.6948981285095215
0.01,1.2831985410302877,7.743232250213623
0.01,1.2844575410126708,7.7025146484375
0.01,1.2857031250023283,7.755069255828857
0.01,1.2869253330281936,7.768336296081543
0.01,1.2883899580338039,7.822951793670654
0.01,1.2894222080358304,7.834753513336182
0.01,1.2904568750527687,7.836948871612549
0.01,1.2914666660362855,7.807209491729736
0.01,1.292566333024297,7.772361755371094
0.01,1.2943805410177447,7.706778049468994
0.01,1.2960923330392689,7.749873638153076
0.01,1.2974630000535399,7.748255252838135
0.01,1.3036751250037923,6.4762349128723145
0.01,1.3054758330108598,5.251359462738037
0.01,1.3065774580463767,5.094372272491455
0.01,1.308302375022322,5.671141624450684
0.01,1.3094455000245944,6.275521278381348
0.01,1.3104849160299636,7.158892631530762
0.01,1.3116210830048658,7.899816513061523
0.01,1.3128511660033837,8.50034236907959
0.01,1.3141945410170592,8.719755172729492
0.01,1.3203952500480227,7.149198055267334
0.01,1.321721458050888,7.053964614868164
0.01,1.3230372079997323,7.125969409942627
0.01,1.3241634580190293,7.340173244476318
0.01,1.3252620410057716,7.535632133483887
0.01,1.3264243330340832,7.674030780792236
0.01,1.32757591601694,7.752928256988525
0.01,1.3288461660267785,7.719839096069336
0.01,1.3299448330071755,7.702939987182617
0.01,1.331107250007335,7.657074451446533
0.01,1.3322665000450797,7.572965621948242
0.01,1.334886250027921,7.389277458190918
0.01,1.3366756250034086,7.3756561279296875
0.01,1.3383186249993742,7.381527900695801
0.01,1.3410355829983018,7.531513214111328
0.01,1.342499166028574,7.609601974487305
0.01,1.3439455410116352,7.586805820465088
0.01,1.3457417080062442,7.640076637268066
0.01,1.351316875021439,7.454980373382568
0.01,1.3535747500136495,7.48091459274292
0.01,1.3555374160059728,7.524744033813477
0.01,1.3577857080381364,7.48814582824707
0.01,1.359483750013169,7.46097469329834
0.01,1.360554541053716,7.401823997497559
0.01,1.3624875000095926,7.4612507820129395
0.01,1.3644016660400666,7.474162578582764
0.01,1.365684125048574,7.342971324920654
0.01,1.3675153750227764,7.373990535736084
0.01,1.3694461249979213,7.383928298950195
0.01,1.3710800830158405,7.331292152404785
0.01,1.37246550002601,7.3437628746032715
0.01,1.3735765000456013,7.38849401473999
0.01,1.3748097080388106,7.445440292358398
0.01,1.3764299580361694,7.478283405303955
0.01,1.3783067080075853,7.5974907875061035
0.01,1.3797196250525303,7.630534648895264
0.01,1.3842293330235407,7.4722442626953125
0.01,1.385688750015106,7.5107340812683105
0.01,1.3870147910201922,7.523339748382568
0.01,1.3882160830544308,7.441575050354004
0.01,1.3895828750100918,7.506735324859619
0.01,1.390732291038148,7.513826847076416
0.01,1.3918223330401815,7.537386417388916
0.01,1.3930195410503075,7.562071800231934
0.01,1.3941360000171699,7.597642421722412
0.01,1.3952813330106437,7.602050304412842
0.01,1.3964359580422752,7.630105972290039
0.01,1.3980113750440069,7.604485988616943
0.01,1.3991994580137543,7.571152210235596
0.01,1.4002540000365116,7.623760223388672
0.01,1.4013590830145404,7.63593053817749
0.01,1.402424375002738,7.624107837677002
0.01,1.403460708039347,7.614221096038818
0.01,1.4045578750083223,7.597628593444824
0.01,1.4059443750302307,7.664813995361328
0.01,1.4070829580305144,7.683091640472412
0.01,1.4081272080074996,7.781083106994629
0.01,1.4092168330098502,7.731461048126221
0.01,1.4103049160330556,7.8136749267578125
0.01,1.4117994999978691,7.754755020141602
0.01,1.4133694580523297,7.834629535675049
0.01,1.4171578329987824,7.832901477813721
0.01,1.4188679160433821,7.8667073249816895
0.01,1.4204014160204679,7.83427095413208
0.01,1.4222834160318598,7.838419437408447
0.01,1.4257148330216296,7.803909778594971
0.01,1.4269026250112802,7.795070171356201
0.01,1.42800958303269,7.774832725524902
0.01,1.4291224160115235,7.779376983642578
0.01,1.4302559160278179,7.829880237579346
0.01,1.4314337079995312,7.771359443664551
0.01,1.4324704160098918,7.784849643707275
0.01,1.433490833034739,7.820999622344971
0.01,1.4350249580456875,7.812641143798828
0.01,1.4361223330488428,7.814305305480957
0.01,1.437530041032005,7.739688396453857
0.01,1.4390362499980256,7.818952560424805
0.01,1.4409725410514511,7.816310405731201
0.01,1.4436985000502318,7.781681060791016
0.01,1.4451107500353828,7.738190174102783
0.01,1.4464877500431612,7.721519947052002
0.01,1.4502008749986999,7.734839916229248
0.01,1.4517772080143914,7.726167678833008
0.01,1.4531240830547176,7.7241997718811035
0.01,1.4544930410338566,7.736293792724609
0.01,1.4559615830075927,7.756844997406006
0.01,1.457438916026149,7.65714693069458
0.01,1.4596192080061883,7.581607818603516
0.01,1.4616812080494128,7.593723297119141
0.01,1.4636440410395153,7.558675289154053
0.01,1.4651012910180725,7.590151309967041
0.01,1.4670798330334947,7.570974826812744
0.01,1.468772332998924,7.567268371582031
0.01,1.4721681250375696,7.598496437072754
0.01,1.4734890410327353,7.580377101898193
0.01,1.4750927910208702,7.610848903656006
0.01,1.4765977910137735,7.621533393859863
0.01,1.4786340830032714,7.597051620483398
0.01,1.4804798330296762,7.579227924346924
0.01,1.4824350410490297,7.587660789489746
0.01,1.4835473750135861,7.63456392288208
0.01,1.4861787499976344,7.598949432373047
0.01,1.4890652910107747,7.516603469848633
0.01,1.4922219160362147,7.508865833282471
0.01,1.4934697500430048,7.598720550537109
0.01,1.4953013750491664,7.562333583831787
0.01,1.496516250015702,7.474841117858887
0.01,1.498451457999181,7.47799015045166
0.01,1.4997844160534441,7.477606296539307
0.01,1.5012160000042059,7.471173286437988
0.01,1.5024300000513904,7.392648220062256
0.01,1.5036305829999037,7.52962589263916
0.01,1.5052810410270467,7.508038520812988
0.01,1.5066943330457434,7.601186752319336
0.01,1.507891958055552,7.677048206329346
0.01,1.5096682500443421,7.718618869781494
0.01,1.5115192080265842,7.625125885009766
0.01,1.5135224160039797,7.6345744132995605
0.01,1.5147544160136022,7.630190372467041
0.01,1.5164914160268381,7.592987537384033
0.01,1.5184202080126852,7.6293416023254395
0.01,1.5196068330551498,7.628476619720459
0.01,1.5217083750176243,7.674310207366943
0.01,1.5232095410465263,7.658705234527588
0.01,1.5244621250312775,7.737154006958008
0.01,1.5254841250134632,7.737342834472656
0.01,1.5267270000185817,7.753600597381592
0.01,1.5279470829991624,7.746609687805176
0.01,1.5290225830394775,7.765173435211182
0.01,1.530160041002091,7.761696815490723
0.01,1.5313227910082787,7.756142616271973
0.01,1.5324118330026977,7.757167816162109
0.01,1.5334166660322808,7.731950759887695
0.01,1.534449750033673,7.708346366882324
0.01,1.5355455410317518,7.792377948760986
0.01,1.5365878330194391,7.838647842407227
0.01,1.5377847910276614,7.87221097946167
0.01,1.5388854160555638,7.914739608764648
0.01,1.53993991605239,7.956867694854736
0.01,1.5410062500159256,7.998856067657471
0.01,1.5421245830366388,7.985138893127441
0.01,1.543428416014649,7.971805572509766
0.01,1.544511416053865,7.899850368499756
0.01,1.545764708018396,7.900449275970459
0.01,1.5469022080069408,7.960174560546875
0.01,1.5480100410059094,7.990337371826172
0.01,1.5490537080331706,7.980449676513672
0.01,1.5501246660132892,8.01115894317627
0.01,1.5511937499977648,7.951699256896973
0.01,1.552237166033592,7.955019950866699
0.01,1.5533368330216035,7.952697277069092
0.01,1.5544527910533361,7.9739670753479
0.01,1.555566875031218,7.898068428039551
0.01,1.5567578750196844,7.872255325317383
0.01,1.557836166000925,7.895022392272949
0.01,1.559502208023332,7.9883270263671875
0.01,1.5609335410408676,7.949193954467773
0.01,1.562299833050929,8.003252983093262
0.01,1.564690375002101,7.961328983306885
0.01,1.5661907500470988,7.893805027008057
0.01,1.5678215000079945,7.908616065979004
0.01,1.5691716250148602,7.918316841125488
0.01,1.5705399160506204,7.913505554199219
0.01,1.572087041044142,7.914441108703613
0.01,1.5734670830424875,7.850311756134033
0.01,1.5749610410421155,7.896899700164795
0.01,1.5763980410411023,7.856616020202637
0.01,1.5777543330332264,7.809579372406006
0.01,1.5790095410193317,7.833257675170898
0.01,1.5804283750476316,7.821601390838623
0.01,1.5839902500156313,7.852858066558838
0.01,1.5854140000301413,7.841643333435059
0.01,1.5866895409999415,7.785871505737305
0.01,1.5879484160104766,7.721109867095947
0.01,1.5911080000223592,7.7246809005737305
0.01,1.592756875033956,7.7386908531188965
0.01,1.5941311659989879,7.700170516967773
0.01,1.5954728330252692,7.715009689331055
0.01,1.5969077500049025,7.6903862953186035
0.01,1.6001423750421964,7.747220039367676
0.01,1.6016807080013677,7.69375467300415
0.01,1.6032037500408478,7.733321189880371
0.01,1.604697875038255,7.734297275543213
0.01,1.6062335830065422,7.771271228790283
0.01,1.6093264580122195,7.70514440536499
0.01,1.610721541044768,7.70602560043335
0.01,1.6121420830022544,7.711127281188965
0.01,1.6136400410323404,7.769660472869873
0.01,1.6152213330497034,7.739628791809082
0.01,1.6170266660046764,7.649116039276123
0.01,1.6192667499999516,7.5817084312438965
0.01,1.6207621660432778,7.540665149688721
0.01,1.6222014160011895,7.665719032287598
0.01,1.6278446250362322,7.566817760467529
0.01,1.629399916040711,7.544107913970947
0.01,1.6307057910016738,7.555302619934082
0.01,1.6320735000190325,7.583162784576416
0.01,1.6337310000089929,7.641839981079102
0.01,1.6352777910069562,7.690341949462891
0.01,1.637465541018173,7.727482795715332
0.01,1.6390287080430426,7.743513584136963
0.01,1.6404556250199676,7.683334827423096
0.01,1.6429771660477854,7.750607490539551
0.01,1.6487282080342993,7.752374172210693
0.01,1.6509870000299998,7.746211528778076
0.01,1.652944916044362,7.7238898277282715
0.01,1.654337291023694,7.796813488006592
0.01,1.6556685830000788,7.7691521644592285
0.01,1.6608057910343632,7.8570661544799805
0.01,1.6625345000065863,7.848381996154785
0.01,1.6701960830250755,8.047506332397461
0.01,1.6764265410020016,8.019883155822754
0.01,1.6807603330234997,7.958733081817627
0.01,1.6833661660202779,7.920804500579834
0.01,1.6844822910497896,7.987418174743652
0.01,1.6859652500133961,7.996694564819336
0.01,1.6871686250087805,7.979086399078369
0.01,1.6885950000141747,8.014139175415039
0.01,1.690851208055392,8.042497634887695
0.01,1.6921880000154488,8.057393074035645
0.01,1.6934530410217121,7.968871116638184
0.01,1.694678500003647,7.906579971313477
0.01,1.6965577910305,7.995264530181885
0.01,1.698126208037138,7.996357440948486
0.01,1.6995192910544574,7.95613956451416
0.01,1.701901083055418,8.025674819946289
0.01,1.7047263749991544,7.931921482086182
0.01,1.7078553330502473,7.912683010101318
0.01,1.7100161660346203,7.934905052185059
0.01,1.7119958330295049,7.954735279083252
0.01,1.713635833002627,7.914561748504639
0.01,1.7152966660214588,7.849173545837402
0.01,1.716542083013337,7.804716110229492
0.01,1.7177682500332594,7.805439472198486
0.01,1.719042958051432,7.789196968078613
0.01,1.7205001250258647,7.817021369934082
0.01,1.7216284580063075,7.78753137588501
0.01,1.7232806660467759,7.780594348907471
0.01,1.7245681250351481,7.783320426940918
0.01,1.7264392080251127,7.791522979736328
0.01,1.7284877500496805,7.810871601104736
0.01,1.7300115410471335,7.844339847564697
0.01,1.7316212080186233,7.797367095947266
0.01,1.732826000021305,7.825250625610352
0.01,1.7344587500556372,7.815676689147949
0.01,1.7370897910441272,7.771193504333496
0.01,1.7386999580194242,7.8307881355285645
0.01,1.7404362080269493,7.893847942352295
0.01,1.7424133330350742,7.806553840637207
0.01,1.744879125035368,7.713595867156982
0.01,1.7467969580320641,7.657959461212158
0.01,1.7488363750162534,7.749938488006592
0.01,1.7504173750057817,7.729108810424805
0.01,1.7516526660183445,7.746865749359131
0.01,1.7532884580432437,7.693029880523682
0.01,1.7546802500146441,7.694777965545654
0.01,1.7570992500404827,7.701910972595215
0.01,1.7584545830031857,7.621163845062256
0.01,1.7598739580134861,7.695446491241455
0.01,1.7615354580339044,7.709101676940918
0.01,1.763624958053697,7.9464592933654785
0.01,1.7656288330326788,7.929808139801025
0.01,1.7674617080483586,7.846049785614014
0.01,1.7687049160012975,7.829452991485596
0.01,1.7704716250300407,7.842663288116455
0.01,1.7719192080548964,7.849926948547363
0.01,1.7762000830261968,7.890970706939697
0.01,1.7789075410109945,7.936811447143555
0.01,1.7807462910423055,7.975855350494385
0.01,1.7826201250427403,8.005599975585938
0.01,1.7862573750317097,7.98257303237915
0.01,1.7879520000424236,7.930305480957031
0.01,1.7895495000411756,7.985504150390625
0.01,1.791256416006945,7.991846561431885
0.01,1.7925541250151582,8.068771362304688
0.01,1.7946972500067204,8.149243354797363
0.01,1.796886625001207,8.199395179748535
0.01,1.7984386250027455,8.112977027893066
0.01,1.7996120000025257,8.150961875915527
0.01,1.8015198330394924,8.192130088806152
0.01,1.8036373750073835,8.159255981445312
0.01,1.8049511660356075,8.138365745544434
0.01,1.8066449160105549,8.182599067687988
0.01,1.808210791030433,8.125704765319824
0.01,1.809516750043258,8.084129333496094
0.01,1.8110295410151593,8.124927520751953
0.01,1.8123255830141716,8.16706657409668
0.01,1.8136422500247136,8.17356014251709
0.01,1.8150898330495693,8.222509384155273
0.01,1.817039208021015,8.196346282958984
0.01,1.8185175410471857,8.1554536819458
0.01,1.819983332999982,8.099322319030762
0.01,1.8214918750454672,8.086756706237793
0.01,1.82296620804118,8.145560264587402
0.01,1.8243197910487652,8.11482048034668
0.01,1.8256792080355808,8.114306449890137
0.01,1.8272875000257045,8.090166091918945
0.01,1.8290287910494953,8.148039817810059
0.01,1.8302891250350513,8.110791206359863
0.01,1.8338012500316836,8.016868591308594
0.01,1.8348945830366574,8.029288291931152
0.01,1.8360766660189256,8.065314292907715
0.01,1.8371560410014354,8.061283111572266
0.01,1.8383360410225578,8.07970905303955
0.01,1.8393999580293894,7.989248275756836
0.01,1.8404673330369405,7.933036804199219
0.01,1.841998208023142,7.927038669586182
0.01,1.843345791043248,7.929915904998779
0.01,1.8444951249985024,7.90556001663208
0.01,1.845857500040438,7.899951934814453
0.01,1.8469375830027275,7.947254657745361
0.01,1.848196416045539,7.905076503753662
0.01,1.8493292080238461,7.867935657501221
0.01,1.8504223330528475,7.882689952850342
0.01,1.8514270830200985,7.866190433502197
0.01,1.852430708007887,7.88571310043335
0.01,1.853578083042521,7.932183265686035
0.01,1.8548471660469659,7.926738262176514
0.01,1.8560321250115521,7.930911064147949
0.01,1.8570832080440596,7.953739643096924
0.01,1.8582258750102483,7.956823348999023
0.01,1.8592677080305293,7.968234062194824
0.01,1.8604375830036588,7.94728946685791
0.01,1.8614654160337523,7.88095760345459
0.01,1.8625100000062957,7.90208101272583
0.01,1.8639511660439894,7.950986385345459
0.01,1.8650650409981608,7.951607704162598
0.01,1.8665935000171885,7.975771903991699
0.01,1.86786070803646,7.925473690032959
0.01,1.8689762499998324,7.9296393394470215
0.01,1.8700472080381587,7.886581897735596
0.01,1.8710960000171326,7.835109710693359
0.01,1.8721676249988377,7.8178510665893555
0.01,1.8732952499995008,7.778898239135742
0.01,1.8744430410442874,7.873473644256592
0.01,1.8754920409992337,7.8346028327941895
0.01,1.87679437501356,7.862717628479004
0.01,1.877888500050176,7.780081748962402
0.01,1.8789726660470478,7.789331436157227
0.01,1.8802100410102867,7.844415664672852
0.01,1.881303916044999,7.769652843475342
0.01,1.8824305000016466,7.771428108215332
0.01,1.8834630000055768,7.81792688369751
0.01,1.884534083015751,7.80805778503418
0.01,1.8857238330529071,7.865603446960449
0.01,1.8869132500258274,7.813117504119873
0.01,1.887975457997527,7.901516914367676
0.01,1.8890661660116166,7.984281539916992
0.01,1.8902241660398431,7.991811752319336
0.01,1.8913252910133451,7.996871471405029
0.01,1.8924339160439558,7.920399188995361
0.01,1.893495750031434,7.953256130218506
0.01,1.894741750031244,7.937777519226074
0.01,1.8959069160046056,7.96913480758667
0.01,1.897174583049491,7.952966213226318
0.01,1.8982795410556719,7.898736953735352
0.01,1.8994319580378942,7.970913887023926
0.01,1.9004924580221996,7.980842590332031
0.01,1.901558208046481,7.949933052062988
0.01,1.9027337500010617,7.956770420074463
0.01,1.9039299160358496,8.010597229003906
0.01,1.905025458021555,8.01041030883789
0.01,1.9064808750408702,8.090856552124023
0.01,1.9075271250330843,8.002840995788574
0.01,1.9087647910346277,8.02999210357666
0.01,1.90990679099923,8.042686462402344
0.01,1.910989583004266,8.050606727600098
0.01,1.9121489160461351,8.023289680480957
0.01,1.9133812910295092,7.979573726654053
0.01,1.9144338330370374,8.071487426757812
0.01,1.9155144580290653,8.093074798583984
0.01,1.916760833002627,8.129642486572266
0.01,1.9179015410481952,8.210779190063477
0.01,1.9190051250043325,8.248793601989746
0.01,1.9200366660370491,8.253495216369629
0.01,1.9210748330224305,8.288042068481445
0.01,1.922247500042431,8.28466510772705
0.01,1.9234402910224162,8.252219200134277
0.01,1.9245420000515878,8.262701988220215
0.01,1.9257600830169395,8.26858139038086
0.01,1.9268898330046795,8.298335075378418
0.01,1.9281074160244316,8.230284690856934
0.01,1.9297060000244528,8.239289283752441
0.01,1.9310569160152227,8.244481086730957
0.01,1.9323424160247669,8.214245796203613
0.01,1.933896666043438,8.184432029724121
0.01,1.9355333330458961,8.254439353942871
0.01,1.9368841660325415,8.193615913391113
0.01,1.9381629160488956,8.25434684753418
0.01,1.9395395830506459,8.199832916259766
0.01,1.940890041005332,8.294236183166504
0.01,1.9424240830121562,8.252534866333008
0.01,1.9439212910365313,8.222915649414062
0.01,1.945309333037585,8.177040100097656
0.01,1.946618791029323,8.28397274017334
0.01,1.9487109160399996,8.188776969909668
0.01,1.950049041013699,8.221611022949219
0.01,1.9515921249985695,8.18170166015625
0.01,1.9529120000079274,8.209945678710938
0.01,1.9542392500443384,8.228351593017578
0.01,1.9555667910026386,8.170790672302246
0.01,1.9570467500016093,8.13530445098877
0.01,1.9583183330250904,8.102616310119629
0.01,1.959912833000999,8.128127098083496
0.01,1.9612448750413023,8.118342399597168
0.01,1.9626120000029914,8.152217864990234
0.01,1.9639524160302244,8.087849617004395
0.01,1.9663294580532238,8.032570838928223
0.01,1.9688085000379942,8.01547622680664
0.01,1.9703239160007797,7.995911598205566
0.01,1.9716919159982353,7.96933650970459
0.01,1.973490375035908,8.001933097839355
0.01,1.9749612910090946,7.995110988616943
0.01,1.9764381250133738,8.041479110717773
0.01,1.978007666009944,8.043619155883789
0.01,1.979454375046771,8.021944046020508
0.01,1.9810984160285443,8.01516056060791
0.01,1.982713291014079,8.091424942016602
0.01,1.9845099580124952,7.996861934661865
0.01,1.9862587500247173,8.02983283996582
0.01,1.9874237080221064,8.047122955322266
0.01,1.9885627910261974,8.099361419677734
0.01,1.9899962909985334,8.060739517211914
0.01,1.9911137080052868,8.085749626159668
0.01,1.9921748750493862,8.009149551391602
0.01,1.9937978330417536,7.977427959442139
0.01,1.995376291044522,7.897302150726318
0.01,1.9966604580404237,7.887392997741699
0.01,2.0001008750405163,7.967065811157227
0.01,2.003416041028686,7.909152030944824
0.01,2.00504641601583,7.853309154510498
0.01,2.0064348750165664,7.824804306030273
0.01,2.007575791038107,7.860166072845459
0.01,2.0087012910516933,7.893389701843262
0.01,2.0099069160060026,7.970913410186768
0.01,2.0111864160280675,8.047882080078125
0.01,2.0122900000424124,8.077384948730469
0.01,2.013415375025943,8.156461715698242
0.01,2.0144381250138395,8.143683433532715
0.01,2.0154706660541706,8.051067352294922
0.01,2.016493500035722,8.037627220153809
0.01,2.017587458016351,8.066022872924805
0.01,2.0188058750354685,8.077984809875488
0.01,2.019899166014511,8.053458213806152
0.01,2.0209637080552056,7.9844069480896
0.01,2.0221066660014912,8.038469314575195
0.01,2.0231849580304697,8.055233001708984
0.01,2.024328541010618,8.07038402557373
0.01,2.0254645830136724,8.058504104614258
0.01,2.0266245829989202,8.067754745483398
0.01,2.0279054160346277,8.12353515625
0.01,2.0291457500425167,8.17391300201416
0.01,2.0301641250262037,8.186445236206055
0.01,2.0312422910355963,8.150888442993164
0.01,2.0331452910322696,8.249968528747559
0.01,2.035248833009973,8.20411205291748
0.01,2.0367665830417536,8.208470344543457
0.01,2.0386222500237636,8.231481552124023
0.01,2.0405920410412364,8.267078399658203
0.01,2.0430127500439994,8.323302268981934
0.01,2.044920666026883,8.394492149353027
0.01,2.046649875002913,8.387919425964355
0.01,2.049193916027434,8.41118049621582
0.01,2.050752375042066,8.369612693786621
0.01,2.054912416031584,8.361638069152832
0.01,2.05741783301346,8.311416625976562
0.01,2.0586315830005333,8.378259658813477
0.01,2.0607060410548,8.317609786987305
0.01,2.0624920410336927,8.397041320800781
0.01,2.0645780410268344,8.348013877868652
0.01,2.0660933750332333,8.32956600189209
0.01,2.067482333048247,8.255967140197754
0.01,2.069642083020881,8.340776443481445
0.01,2.0720912080141716,8.327336311340332
0.01,2.0739233330241404,8.28569507598877
0.01,2.0761573330382816,8.286398887634277
0.01,2.0775713750044815,8.250086784362793
0.01,2.0804505410487764,8.230264663696289
0.01,2.0834734580130316,8.27890682220459
0.01,2.085266666021198,8.267251014709473
0.01,2.0864835000247695,8.139830589294434
0.01,2.0880521660437807,8.120261192321777
0.01,2.089409208041616,8.132777214050293
0.01,2.0905477910418995,8.142658233642578
0.01,2.092008416017052,8.115063667297363
0.01,2.093467500002589,8.093243598937988
0.01,2.09591316600563,8.085693359375
0.01,2.0976975000230595,8.071340560913086
0.01,2.099460708035622,8.098020553588867
0.01,2.101457041047979,8.102216720581055
0.01,2.103399250016082,8.109062194824219
0.01,2.1047458330285735,8.159855842590332
0.01,2.1064913750160486,8.136624336242676
0.01,2.1080297080334276,8.124503135681152
0.01,2.1095595830120146,8.107987403869629
0.01,2.1109667910495773,8.121204376220703
0.01,2.1122891250415705,8.096037864685059
0.01,2.113600958022289,8.074686050415039
0.01,2.117269500042312,7.995850086212158
0.01,2.1187208750052378,7.938197612762451
0.01,2.1198342910502106,8.079182624816895
0.01,2.121151750034187,8.044483184814453
0.01,2.1222445830353536,8.004985809326172
0.01,2.123361541016493,7.9980549812316895
0.01,2.124492625007406,7.975605487823486
0.01,2.1258652500109747,7.961156368255615
0.01,2.1269322910229675,7.978904724121094
0.01,2.128029208048247,7.944216728210449
0.01,2.1291088750003837,7.917816638946533
0.01,2.1302984580397606,7.960789680480957
0.01,2.1314540410530753,7.948914051055908
0.01,2.1324917080346495,8.045269966125488
0.01,2.133591250050813,8.088025093078613
0.01,2.134715332998894,8.195693016052246
0.01,2.1358956250478514,8.23471736907959
0.01,2.136945333040785,8.203439712524414
0.01,2.1381354160257615,8.099289894104004
0.01,2.139249625033699,8.110401153564453
0.01,2.140339333040174,8.074975967407227
0.01,2.1414246660424396,8.08975887298584
0.01,2.14305295801023,8.048129081726074
0.01,2.144612083036918,8.106865882873535
0.01,2.145902250020299,8.179588317871094
0.01,2.148419000033755,8.154854774475098
0.01,2.1499380000168458,8.20511531829834
0.01,2.15162733301986,8.259861946105957
0.01,2.153026125044562,8.220518112182617
0.01,2.1546189580112696,8.235106468200684
0.01,2.1582354160491377,8.211111068725586
0.01,2.159711958025582,8.25072193145752
0.01,2.1616320830071345,8.361344337463379
0.01,2.163561583030969,8.425618171691895
0.01,2.1685724580311216,8.43407917022705
0.01,2.1700902080046944,8.444365501403809
0.01,2.171405875007622,8.46293830871582
0.01,2.1725695830537006,8.414375305175781
0.01,2.17470004101051,8.364998817443848
0.01,2.176451208011713,8.383443832397461
0.01,2.1785953330108896,8.434267044067383
0.01,2.181867500010412,8.385040283203125
0.01,2.1839681250276044,8.393876075744629
0.01,2.185746541013941,8.364456176757812
0.01,2.1886768330004998,8.347280502319336
0.01,2.1908287500264123,8.387186050415039
0.01,2.1932418750366196,8.38862133026123
0.01,2.1946730409981683,8.379181861877441
0.01,2.19691054103896,8.373037338256836
0.01,2.1987364160013385,8.32872200012207
0.01,2.2039035000489093,8.264854431152344
0.01,2.2057807500241324,8.302481651306152
0.01,2.2074847910553217,8.271597862243652
0.01,2.2089148750528693,8.212961196899414
0.01,2.2104715410387143,8.200675010681152
0.01,2.212359791039489,8.161704063415527
0.01,2.2134259160375223,8.180920600891113
0.01,2.214522291033063,8.179887771606445
0.01,2.216114125039894,8.150860786437988
0.01,2.217410708020907,8.14659309387207
0.01,2.2184605410438962,8.160405158996582
0.01,2.220438083051704,8.182626724243164
0.01,2.2215382080175914,8.180024147033691
0.01,2.223421541042626,8.145949363708496
0.01,2.224426750035491,8.194046020507812
0.01,2.225485833012499,8.15202808380127
0.01,2.2268645000294782,8.188361167907715
0.01,2.229233833029866,8.131087303161621
0.01,2.2315643330221064,8.158769607543945
0.01,2.233783250034321,8.187864303588867
0.01,2.2360587910516188,8.142562866210938
0.01,2.237833750026766,8.060345649719238
0.01,2.2426968330400996,8.098718643188477
0.01,2.2447948330082,8.012213706970215
0.01,2.2465989580377936,8.018678665161133
0.01,2.2484329160070047,8.000722885131836
0.01,2.2495424580411054,7.9984049797058105
0.01,2.251680458022747,8.036696434020996
0.01,2.2536486660246737,8.163850784301758
0.01,2.255497041041963,8.248082160949707
0.01,2.256648041016888,8.24951457977295
0.01,2.2584498750511557,8.163609504699707
0.01,2.25974795804359,8.162182807922363
0.01,2.261647083039861,8.21950626373291
0.01,2.263465916039422,8.153037071228027
0.01,2.2645500000217,8.156903266906738
0.01,2.2657696250244044,8.126710891723633
0.01,2.267230750003364,8.173518180847168
0.01,2.2689432080369443,8.191927909851074
0.01,2.2710843750392087,8.307432174682617
0.01,2.2750327910180204,8.319355010986328
0.01,2.2764354580431245,8.362794876098633
0.01,2.2778884160215966,8.25298023223877
0.01,2.2791194160236046,8.272648811340332
0.01,2.2804253750364296,8.287148475646973
0.01,2.2864117080462165,8.502824783325195
0.01,2.287468374997843,8.525535583496094
0.01,2.288557625026442,8.505084991455078
0.01,2.28977075003786,8.479249954223633
0.01,2.290897083003074,8.473443031311035
0.01,2.291978624998592,8.51571273803711
0.01,2.2931782500236295,8.47204875946045
0.01,2.294338500010781,8.446044921875
0.01,2.2954258330282755,8.492805480957031
0.01,2.2965007080347277,8.474235534667969
0.01,2.297794750018511,8.461904525756836
0.01,2.29889841604745,8.476434707641602
0.01,2.3000191660248674,8.461957931518555
0.01,2.3010534580098465,8.484306335449219
0.01,2.302070291014388,8.468757629394531
0.01,2.30319500004407,8.468073844909668
0.01,2.3044240410090424,8.457383155822754
0.01,2.305463000026066,8.480979919433594
0.01,2.306519833044149,8.441980361938477
0.01,2.3074821250047535,8.521185874938965
0.01,2.3085152500425465,8.474543571472168
0.01,2.3097794160130434,8.44295597076416
0.01,2.3108882910455577,8.456512451171875
0.01,2.31216554105049,8.464132308959961
0.01,2.3133030410390347,8.474807739257812
0.01,2.3148238330031745,8.46291732788086
0.01,2.31683162500849,8.467828750610352
0.01,2.3209669580101036,8.411832809448242
0.01,2.3222915830556303,8.310409545898438
0.01,2.3234251660178415,8.291265487670898
0.01,2.3244332910398953,8.325488090515137
0.01,2.325442583009135,8.293609619140625
0.01,2.3265802080277354,8.35466480255127
0.01,2.32780658302363,8.308403015136719
0.01,2.328868875047192,8.293487548828125
0.01,2.329956375004258,8.211753845214844
0.01,2.331100833020173,8.280539512634277
0.01,2.332146166008897,8.266191482543945
0.01,2.333233375044074,8.266678810119629
0.01,2.3343228330486454,8.20998477935791
0.01,2.335437541012652,8.213822364807129
0.01,2.336505958053749,8.219279289245605
0.01,2.3376515410491265,8.191149711608887
0.01,2.3388250410207547,8.2034330368042
0.01,2.3399587080348283,8.196306228637695
0.01,2.3410695000202395,8.172765731811523
0.01,2.3421092909993604,8.187851905822754
0.01,2.343220208014827,8.229782104492188
0.01,2.344349625054747,8.191554069519043
0.01,2.3457967080175877,8.25656509399414
0.01,2.347186708007939,8.286177635192871
0.01,2.350728416000493,8.177112579345703
0.01,2.352848791051656,8.241719245910645
0.01,2.3541043330333196,8.207698822021484
0.01,2.355207583052106,8.226134300231934
0.01,2.356277833052445,8.198253631591797
0.01,2.357416708022356,8.139692306518555
0.01,2.3584344160044566,8.093511581420898
0.01,2.3594621250522323,8.077914237976074
0.01,2.3605022080009803,8.101930618286133
0.01,2.3615835410309955,8.139753341674805
0.01,2.362777291040402,8.171451568603516
0.01,2.364013625017833,8.089759826660156
0.01,2.3652065000496805,8.083945274353027
0.01,2.366314125014469,8.051834106445312
0.01,2.3674482910428196,8.081332206726074
0.01,2.368587125034537,8.060210227966309
0.01,2.369793500052765,8.047104835510254
0.01,2.3710629580309615,8.059871673583984
0.01,2.37224158301251,8.097590446472168
0.01,2.3734001660486683,8.107181549072266
0.01,2.3744118330068886,8.150665283203125
0.01,2.3754337080172263,8.210741996765137
0.01,2.3765359160024673,8.271443367004395
0.01,2.3779430410359055,8.227972030639648
0.01,2.3790589999989606,8.151716232299805
0.01,2.3801584580214694,8.229881286621094
0.01,2.381244875025004,8.237454414367676
0.01,2.3823243750375696,8.240591049194336
0.01,2.3834348330274224,8.202282905578613
0.01,2.38586308300728,8.177209854125977
0.01,2.3888541660271585,8.250493049621582
0.01,2.390391916036606,8.252223014831543
0.01,2.3921386250294745,8.307356834411621
0.01,2.3938401660416275,8.32634449005127
0.01,2.3951387080014683,8.346287727355957
0.01,2.3966680410085246,8.349199295043945
0.01,2.400998958037235,8.362937927246094
0.01,2.403655583038926,8.458391189575195
0.01,2.4050733750336803,8.455449104309082
0.01,2.4063497080351226,8.497593879699707
0.01,2.40744675003225,8.504610061645508
0.01,2.4084845000179484,8.458410263061523
0.01,2.4095339580089785,8.48133659362793
0.01,2.410841708013322,8.482198715209961
0.01,2.412006250000559,8.507600784301758
0.01,2.4131587910233065,8.493793487548828
0.01,2.414979958033655,8.47353744506836
0.01,2.417687375040259,8.48373031616211
0.01,2.4202248330111615,8.450794219970703
0.01,2.421964833047241,8.518535614013672
0.01,2.4234862500452437,8.489968299865723
0.01,2.4250553750316612,8.444925308227539
0.01,2.426765166048426,8.481653213500977
0.01,2.4280757910455577,8.475579261779785
0.01,2.429355000029318,8.453815460205078
0.01,2.4306908330181614,8.471307754516602
0.01,2.432037583028432,8.465127944946289
0.01,2.4347308330470696,8.498665809631348
0.01,2.4367962500546128,8.428239822387695
0.01,2.438551625004038,8.386824607849121
0.01,2.4428424580255523,8.313446044921875
0.01,2.445017333026044,8.354201316833496
0.01,2.4464282910339534,8.405728340148926
0.01,2.447859875042923,8.310871124267578
0.01,2.4496830830466934,8.277938842773438
0.01,2.451813916035462,8.277668952941895
0.01,2.453477916016709,8.22588062286377
0.01,2.454869666020386,8.190802574157715
0.01,2.4564230000250973,8.181406021118164
0.01,2.457642166002188,8.170504570007324
0.01,2.460107125050854,8.271589279174805
0.01,2.461786166008096,8.25576400756836
0.01,2.463550083048176,8.202856063842773
0.01,2.467485375003889,8.261399269104004
0.01,2.469270875037182,8.225946426391602
0.01,2.4705605000490323,8.24197006225586
0.01,2.472547708021011,8.237435340881348
0.01,2.476189791050274,8.125019073486328
0.01,2.4776376660447568,8.14091682434082
0.01,2.4796415000455454,8.101160049438477
0.01,2.4829403330222704,8.095198631286621
0.01,2.486454750003759,8.094642639160156
0.01,2.4884118330082856,8.081846237182617
0.01,2.4895882080309093,8.060147285461426
0.01,2.4907915830262937,8.090805053710938
0.01,2.492550833034329,8.122133255004883
0.01,2.4946589580504224,8.251028060913086
0.01,2.496498166001402,8.306672096252441
0.01,2.497978416038677,8.256999969482422
0.01,2.4994792910292745,8.333998680114746
0.01,2.501455625053495,8.298013687133789
0.01,2.5037151660071686,8.24252700805664
0.01,2.5056160000385717,8.191951751708984
0.01,2.5078042500535958,8.218286514282227
0.01,2.5111705410527065,8.336413383483887
0.01,2.512628291035071,8.344661712646484
0.01,2.515051458030939,8.392155647277832
0.01,2.5223187500378117,8.4317045211792
0.01,2.523712250054814,8.43188190460205
0.01,2.524974166008178,8.4575834274292
0.01,2.5262792500434443,8.545821189880371
0.01,2.5277185830054805,8.526165962219238
0.01,2.528961791016627,8.516432762145996
0.01,2.5301297910045832,8.541031837463379
0.01,2.5312068330240436,8.572891235351562
0.01,2.5323360830079764,8.566163063049316
0.01,2.5334002910531126,8.542314529418945
0.01,2.5345702080521733,8.570252418518066
0.01,2.5358778750523925,8.577346801757812
0.01,2.5370993750402704,8.560844421386719
0.01,2.538283833011519,8.469858169555664
0.01,2.539449500036426,8.517607688903809
0.01,2.5404856250388548,8.481398582458496
0.01,2.541542750026565,8.504520416259766
0.01,2.542601708031725,8.519827842712402
0.01,2.5437993750092573,8.524330139160156
0.01,2.544890707999002,8.522184371948242
0.01,2.546034333005082,8.516914367675781
0.01,2.5471005410072394,8.510879516601562
0.01,2.5482177910162136,8.564859390258789
0.01,2.5493715410120785,8.492616653442383
0.01,2.55043545801891,8.569624900817871
0.01,2.551471291051712,8.545778274536133
0.01,2.5528851660201326,8.48881721496582
0.01,2.5545797910308465,8.472606658935547
0.01,2.5557389160385355,8.4838285446167
0.01,2.5568004160304554,8.468743324279785
0.01,2.5578945830347948,8.43561840057373
0.01,2.5590079580433667,8.412596702575684
0.01,2.5601296660024673,8.422999382019043
0.01,2.5612732500303537,8.42148208618164
0.01,2.562434416031465,8.391611099243164
0.01,2.563458000018727,8.387971878051758
0.01,2.5645543330465443,8.315375328063965
0.01,2.565593625011388,8.414880752563477
0.01,2.566704541037325,8.413176536560059
0.01,2.567775291041471,8.399203300476074
0.01,2.56899754103506,8.327622413635254
0.01,2.57015558303101,8.312240600585938
0.01,2.571263625053689,8.33813762664795
0.01,2.572405291022733,8.266295433044434
0.01,2.5736199160455726,8.247125625610352
0.01,2.575098916015122,8.206734657287598
0.01,2.576460416021291,8.198065757751465
0.01,2.57797666604165,8.246070861816406
0.01,2.5792532910127193,8.245983123779297
0.01,2.5805320410290733,8.300237655639648
0.01,2.5818385000457056,8.320138931274414
0.01,2.5832331250421703,8.33024787902832
0.01,2.584638958040159,8.29455280303955
0.01,2.5862777910078876,8.329618453979492
0.01,2.58770908304723,8.275406837463379
0.01,2.589089708053507,8.224599838256836
0.01,2.59034287504619,8.195175170898438
0.01,2.5914315830450505,8.253921508789062
0.01,2.592465166002512,8.270030975341797
0.01,2.593574458034709,8.226394653320312
0.01,2.594778416038025,8.24691104888916
0.01,2.5959176250034943,8.157423973083496
0.01,2.5970750830019824,8.166437149047852
0.01,2.598140083020553,8.10546588897705
0.01,2.5992735830368474,8.115625381469727
0.01,2.6003253330127336,8.17037582397461
0.01,2.6014275000197813,8.19113826751709
0.01,2.6027211660402827,8.131305694580078
0.01,2.6044567080098204,8.140859603881836
0.01,2.6055444580269977,8.118562698364258
0.01,2.6067837080336176,8.109461784362793
0.01,2.607885500008706,8.09965991973877
0.01,2.6093827500008047,8.09511661529541
0.01,2.6109499580343254,8.0944185256958
0.01,2.612342416017782,8.15711784362793
0.01,2.6136796660139225,8.158446311950684
0.01,2.614930333045777,8.263199806213379
0.01,2.6165800830349326,8.372044563293457
0.01,2.6181258330470882,8.201401710510254
0.01,2.619558416015934,8.282785415649414
0.01,2.6209352910518646,8.267271995544434
0.01,2.6222808330203407,8.267333984375
0.01,2.6235365830361843,8.193086624145508
0.01,2.6251036660396494,8.196244239807129
0.01,2.626476708042901,8.264174461364746
0.01,2.629590000025928,8.311137199401855
0.01,2.63114225002937,8.361788749694824
0.01,2.6326765830162913,8.32303524017334
0.01,2.634452541009523,8.373305320739746
0.01,2.635741375037469,8.38395881652832
0.01,2.6372268330305815,8.346054077148438
0.01,2.6386366660008207,8.376211166381836
0.01,2.6469620410352945,8.570287704467773
0.01,2.6484394160215743,8.534745216369629
0.01,2.6505290410132147,8.580708503723145
0.01,2.6528022910351865,8.524871826171875
0.01,2.6553999580210075,8.486680030822754
0.01,2.657840750005562,8.477423667907715
0.01,2.6597838750458322,8.512868881225586
0.01,2.661716166010592,8.504727363586426
0.01,2.666776958038099,8.51059341430664
0.01,2.668819541053381,8.532947540283203
0.01,2.670659791037906,8.559942245483398
0.01,2.6738306250190362,8.531088829040527
0.01,2.676303541054949,8.421672821044922
0.01,2.6795586660155095,8.35830020904541
0.01,2.683717208041344,8.341299057006836
0.01,2.6862648750538938,8.300248146057129
0.01,2.6941612500231713,8.220954895019531
0.01,2.695506666030269,8.20570182800293
0.01,2.697404416045174,8.22143840789795
0.01,2.699040125007741,8.289698600769043
0.01,2.700970125035383,8.372344970703125
0.01,2.7030468330485746,8.298648834228516
0.01,2.7047538330079988,8.301046371459961
0.01,2.7083815410151146,8.202265739440918
0.01,2.7107222910271958,8.221184730529785
0.01,2.712189041019883,8.249092102050781
0.01,2.7134568330366164,8.229093551635742
0.01,2.715163166052662,8.174245834350586
0.01,2.716456708032638,8.152215957641602
0.01,2.7190019999979995,8.098633766174316
0.01,2.72074583300855,8.167083740234375
0.01,2.725488291005604,8.099470138549805
0.01,2.727809291041922,8.103130340576172
0.01,2.729702291020658,8.143500328063965
0.01,2.731924333027564,8.165689468383789
0.01,2.7341790000209585,8.23297119140625
0.01,2.735332416021265,8.328498840332031
0.01,2.736680750036612,8.308270454406738
0.01,2.738037625036668,8.247261047363281
0.01,2.739721416030079,8.246249198913574
0.01,2.7414880000287667,8.299520492553711
0.01,2.742616416013334,8.176830291748047
0.01,2.744044416001998,8.248090744018555
0.01,2.745701875013765,8.254542350769043
0.01,2.747121624997817,8.241628646850586
0.01,2.7505316250026226,8.397577285766602
0.01,2.7530814160127193,8.346287727355957
0.01,2.7541610000189394,8.409256935119629
0.01,2.7552735000499524,8.392590522766113
0.01,2.756340583029669,8.401041030883789
0.01,2.7574237910448574,8.385263442993164
0.01,2.758423458028119,8.421512603759766
0.01,2.7595431660301983,8.42701530456543
0.01,2.760796166025102,8.449590682983398
0.01,2.761846041015815,8.472554206848145
0.01,2.7629706660518423,8.537747383117676
0.01,2.7640470410115086,8.502046585083008
0.01,2.7650625410024077,8.552083015441895
0.01,2.766161791048944,8.559690475463867
0.01,2.7671823750133626,8.525901794433594
0.01,2.7684511660481803,8.536953926086426
0.01,2.7695627080393024,8.521068572998047
0.01,2.7707740000332706,8.533167839050293
0.01,2.771909333008807,8.546860694885254
0.01,2.7729464580188505,8.56458854675293
0.01,2.7740333750261925,8.556873321533203
0.01,2.7751684579998255,8.613727569580078
0.01,2.7763032910297625,8.569934844970703
0.01,2.777443208033219,8.55855941772461
0.01,2.7785544160287827,8.534688949584961
0.01,2.7797066250350326,8.551218032836914
0.01,2.7813840830349363,8.497819900512695
0.01,2.783100375032518,8.457197189331055
0.01,2.7845651660463773,8.511134147644043
0.01,2.7864462500438094,8.593463897705078
0.01,2.788234583043959,8.525640487670898
0.01,2.789370750018861,8.527235984802246
0.01,2.7903768329997547,8.564638137817383
0.01,2.7913926250184886,8.595306396484375
0.01,2.7924623750150204,8.5623140335083
0.01,2.793757250008639,8.546377182006836
0.01,2.7948297500261106,8.473288536071777
0.01,2.7959485410247,8.443943977355957
0.01,2.796994125004858,8.45755386352539
0.01,2.798076208040584,8.374707221984863
0.01,2.7991468330146745,8.370923042297363
0.01,2.800324375042692,8.385743141174316
0.01,2.801414708024822,8.388894081115723
0.01,2.802467791014351,8.363089561462402
0.01,2.803878500009887,8.40552043914795
0.01,2.8050030410522595,8.371561050415039
0.01,2.806157041050028,8.43619155883789
0.01,2.807265541050583,8.380986213684082
0.01,2.8084061660338193,8.345840454101562
0.01,2.8094799160026014,8.324533462524414
0.01,2.8105831250431947,8.257097244262695
0.01,2.8119794160011224,8.22484302520752
0.01,2.8131877910345793,8.207059860229492
0.01,2.8142883750260808,8.1816987991333
0.01,2.8154327910160646,8.226156234741211
0.01,2.8166515000048093,8.230976104736328
0.01,2.818644833052531,8.313196182250977
0.01,2.8200578330433927,8.345497131347656
0.01,2.821413333003875,8.346831321716309
0.01,2.8230334580293857,8.289454460144043
0.01,2.8243680000305176,8.283895492553711
0.01,2.825695125036873,8.304973602294922
0.01,2.8271007500006817,8.163225173950195
0.01,2.8289145410526544,8.198810577392578
0.01,2.8302336250199005,8.204986572265625
0.01,2.8355157080222853,8.214045524597168
0.01,2.836572250002064,8.135494232177734
0.01,2.8378314160509035,8.122990608215332
0.01,2.838943458045833,8.14042854309082
0.01,2.840039250033442,8.130993843078613
0.01,2.8411800830508582,8.128081321716309
0.01,2.8424312910065055,8.103591918945312
0.01,2.8436646250193007,8.06000804901123
0.01,2.8449113750248216,8.075674057006836
0.01,2.8460510000004433,8.059422492980957
0.01,2.84719970804872,8.143253326416016
0.01,2.8483064160100184,8.106136322021484
0.01,2.849463208054658,8.127829551696777
0.01,2.850639291049447,8.173442840576172
0.01,2.8518200830440037,8.190764427185059
0.01,2.853091041033622,8.234588623046875
0.01,2.854184708034154,8.301713943481445
0.01,2.855397208011709,8.336283683776855
0.01,2.856477250054013,8.268354415893555
0.01,2.857499875011854,8.21035099029541
0.01,2.8587425410514697,8.215536117553711
0.01,2.8599228330422193,8.185140609741211
0.01,2.8609856250113808,8.177701950073242
0.01,2.862336166028399,8.079631805419922
0.01,2.8635507910512388,8.17653751373291
0.01,2.8645472500356846,8.207286834716797
0.01,2.86554625001736,8.236358642578125
0.01,2.8666455410420895,8.251484870910645
0.01,2.8678082080441527,8.277029991149902
0.01,2.8688827080186456,8.256316184997559
0.01,2.870018500019796,8.336197853088379
0.01,2.8710709580336697,8.356154441833496
0.01,2.8722007910255343,8.389890670776367
0.01,2.8735760410199873,8.327871322631836
0.01,2.874799958022777,8.351253509521484
0.01,2.876045791024808,8.379369735717773
0.01,2.877302208042238,8.330472946166992
0.01,2.87844112503808,8.36194133758545
0.01,2.8794836250017397,8.41008472442627
0.01,2.8805307910079136,8.420487403869629
0.01,2.8816040829988196,8.505620002746582
0.01,2.8827856249990873,8.49059009552002
0.01,2.883820708026178,8.501354217529297
0.01,2.884864166029729,8.51783275604248
0.01,2.8859558750409633,8.482738494873047
0.01,2.887093833007384,8.4793119430542
0.01,2.8881594160338864,8.466580390930176
0.01,2.8892486250260845,8.48076057434082
0.01,2.8903375000227243,8.55012321472168
0.01,2.891403291025199,8.509247779846191
0.01,2.8925706660375,8.509919166564941
0.01,2.893791083013639,8.539085388183594
0.01,2.894812708022073,8.5527925491333
0.01,2.895971833029762,8.557304382324219
0.01,2.8971595000475645,8.493982315063477
0.01,2.8982360000372864,8.49693775177002
0.01,2.8993432910065167,8.524002075195312
0.01,2.900472500012256,8.494009017944336
0.01,2.901585291023366,8.395208358764648
0.01,2.902761208009906,8.40019416809082
0.01,2.903844625048805,8.481293678283691
0.01,2.9048970000003465,8.477598190307617
0.01,2.905984666023869,8.495894432067871
0.01,2.907106291037053,8.479290008544922
0.01,2.9082483330275863,8.497102737426758
0.01,2.9093814580119215,8.503056526184082
0.01,2.9104415410547517,8.558196067810059
0.01,2.911506333039142,8.544159889221191
0.01,2.912570291024167,8.484075546264648
0.01,2.9138376660412177,8.465422630310059
0.01,2.914972166006919,8.427031517028809
0.01,2.9161190410377458,8.411476135253906
0.01,2.9173028750228696,8.379312515258789
0.01,2.9184292500140145,8.378674507141113
0.01,2.9194835830130614,8.322224617004395
0.01,2.9205230830120854,8.35002613067627
0.01,2.921703916043043,8.31602954864502
0.01,2.922861458035186,8.348653793334961
0.01,2.9239187909988686,8.339707374572754
0.01,2.92503070802195,8.426712036132812
0.01,2.926108125015162,8.412172317504883
0.01,2.9272746660280973,8.317666053771973
0.01,2.9284127080463804,8.295730590820312
0.01,2.9294542080024257,8.230381965637207
0.01,2.9305646250140853,8.204089164733887
0.01,2.931810875015799,8.167207717895508
0.01,2.93341875000624,8.124322891235352
0.01,2.934489666018635,8.152857780456543
0.01,2.935585125000216,8.155755043029785
0.01,2.9368007500306703,8.20478343963623
0.01,2.9379184580175206,8.209344863891602
0.01,2.9390452500083484,8.290302276611328
0.01,2.940197625022847,8.296584129333496
0.01,2.9412567500257865,8.298033714294434
0.01,2.942470125039108,8.269858360290527
0.01,2.9435020410455763,8.254796981811523
0.01,2.9447957500233315,8.249390602111816
0.01,2.9458790000062436,8.259093284606934
0.01,2.9469297910109162,8.194003105163574
0.01,2.9480117080383934,8.134057998657227
0.01,2.9491795410285704,8.186359405517578
0.01,2.9503152079996653,8.150372505187988
0.01,2.951451333006844,8.217035293579102
0.01,2.952568083012011,8.207040786743164
0.01,2.9537572910194285,8.257707595825195
0.01,2.9549074160167947,8.213111877441406
0.01,2.956040250021033,8.150748252868652
0.01,2.9582817910122685,8.056480407714844
0.01,2.959919916000217,8.102946281433105
0.01,2.9612699580029584,8.127436637878418
0.01,2.962540375010576,8.071025848388672
0.01,2.9638819580432028,8.017916679382324
0.01,2.9652064160327427,8.087625503540039
0.01,2.966936875018291,8.12822151184082
0.01,2.9685240410035476,8.140817642211914
0.01,2.969868208048865,8.17414379119873
0.01,2.9713018750189804,8.139907836914062
0.01,2.9726735410513356,8.180803298950195
0.01,2.9737540000351146,8.263764381408691
0.01,2.974971166055184,8.244919776916504
0.01,2.9760642910259776,8.250558853149414
0.01,2.9772311249980703,8.201050758361816
0.01,2.978321708040312,8.161211967468262
0.01,2.9794734160532244,8.206643104553223
0.01,2.9805607910384424,8.210748672485352
0.01,2.9816836250247434,8.189820289611816
0.01,2.9833198330015875,8.180611610412598
0.01,2.984460666019004,8.193164825439453
0.01,2.9858025000430644,8.223499298095703
0.01,2.9868834580411203,8.233558654785156
0.01,2.987993416027166,8.263091087341309
0.01,2.989224458055105,8.279505729675293
0.01,2.990291041031014,8.284738540649414
0.01,2.9914916250272654,8.32644271850586
0.01,2.9925660410081036,8.326396942138672
0.01,2.993811291002203,8.373822212219238
0.01,2.9949415410519578,8.324609756469727
0.01,2.996459958027117,8.323990821838379
0.01,2.997964333044365,8.32616138458252
0.01,2.9994471250101924,8.424327850341797
0.01,3.0009091660031117,8.515016555786133
0.01,3.0025878330343403,8.51522159576416
0.01,3.0043219580547884,8.487443923950195
0.01,3.005839083052706,8.441905975341797
0.01,3.008443833037745,8.472450256347656
0.01,3.0106883330154233,8.57301139831543
0.01,3.012451333052013,8.546257972717285
0.01,3.0136453750310466,8.583984375
0.01,3.015432915999554,8.52981185913086
0.01,3.016618541034404,8.519092559814453
0.01,3.0196593750151806,8.452423095703125
0.01,3.021478708018549,8.417978286743164
0.01,3.0234717500279658,8.44173812866211
0.01,3.024494958051946,8.493534088134766
0.01,3.0255447080126032,8.509871482849121
0.01,3.0268089160090312,8.565811157226562
0.01,3.0279902910115197,8.543153762817383
0.01,3.02905895805452,8.517715454101562
0.01,3.030235458048992,8.533624649047852
0.01,3.031356666004285,8.50899600982666
0.01,3.0324585410417058,8.449761390686035
0.01,3.034546750015579,8.392939567565918
0.01,3.037735625053756,8.344219207763672
0.01,3.0397466249996796,8.416184425354004
0.01,3.041606541024521,8.404522895812988
0.01,3.044794458022807,8.387020111083984
0.01,3.0465861660195515,8.290318489074707
0.01,3.0487407080363482,8.20573902130127
0.01,3.0506907080416568,8.173497200012207
0.01,3.0540220830007456,8.199016571044922
0.01,3.0555106660467573,8.243392944335938
0.01,3.0568002500222065,8.245706558227539
0.01,3.0584308330435306,8.25505542755127
0.01,3.059624708024785,8.259849548339844
0.01,3.061716708005406,8.206512451171875
0.01,3.0634215000318363,8.214847564697266
0.01,3.0644800410373136,8.219362258911133
0.01,3.0658766660490073,8.228792190551758
0.01,3.0677555410075,8.21147346496582
0.01,3.0696598330396228,8.227055549621582
0.01,3.0718532080063596,8.257781028747559
0.01,3.0736738750129007,8.17642593383789
0.01,3.0764884160016663,8.053587913513184
0.01,3.0784664160455577,8.021692276000977
0.01,3.0797327080508694,8.031167030334473
0.01,3.0815987910027616,8.039430618286133
0.01,3.0828940830542706,8.027688980102539
0.01,3.083973541040905,7.969788074493408
0.01,3.08530412503751,8.07847785949707
0.01,3.0865970000158995,8.065957069396973
0.01,3.0878208330250345,8.117732048034668
0.01,3.0889105000533164,8.120467185974121
0.01,3.090062791015953,8.13009262084961
0.01,3.091179250041023,8.173360824584961
0.01,3.0929658750537783,8.190863609313965
0.01,3.094076583045535,8.233415603637695
0.01,3.0952792080352083,8.22514820098877
0.01,3.096458166022785,8.198744773864746
0.01,3.0976722910418175,8.064105987548828
0.01,3.098754375008866,8.17041301727295
0.01,3.099824291013647,8.150826454162598
0.01,3.1009201660053805,8.195659637451172
0.01,3.1020144160138443,8.199687957763672
0.01,3.103216041054111,8.212087631225586
0.01,3.1043019160279073,8.227194786071777
0.01,3.1054446659982204,8.235342979431152
0.01,3.106478583009448,8.169008255004883
0.01,3.1075882910517976,8.210169792175293
0.01,3.108572916011326,8.214178085327148
0.01,3.1097762910067104,8.239465713500977
0.01,3.1109175410238095,8.248777389526367
0.01,3.1120444160187617,8.233221054077148
0.01,3.1131200410309248,8.235251426696777
0.01,3.114357208018191,8.256385803222656
0.01,3.1154075830127113,8.304837226867676
0.01,3.116432708047796,8.320474624633789
0.01,3.117490375007037,8.290532112121582
0.01,3.118518583010882,8.361440658569336
0.01,3.1195732500054874,8.38054370880127
0.01,3.1207335000508465,8.419268608093262
0.01,3.1218511660117656,8.480067253112793
0.01,3.1230283330078237,8.467588424682617
0.01,3.1241589999990538,8.475561141967773
0.01,3.125135416048579,8.518688201904297
0.01,3.1262242910452187,8.461248397827148
0.01,3.1273515410139225,8.42881965637207
0.01,3.128446791030001,8.424295425415039
0.01,3.12945462501375,8.483881950378418
0.01,3.130533333052881,8.47928524017334
0.01,3.1317647500545718,8.494396209716797
0.01,3.132906916027423,8.474748611450195
0.01,3.134258125035558,8.505929946899414
0.01,3.135446000029333,8.496967315673828
0.01,3.136477416031994,8.469762802124023
0.01,3.1375018750550225,8.374933242797852
0.01,3.138660916010849,8.37286376953125
0.01,3.1399162080488168,8.39201831817627
0.01,3.1410731250070967,8.399593353271484
0.01,3.142265208007302,8.422146797180176
0.01,3.143479083024431,8.461559295654297
0.01,3.144826625008136,8.451461791992188
0.01,3.1459072080324404,8.449735641479492
0.01,3.1470078750280663,8.441521644592285
0.01,3.1480997500475496,8.398703575134277
0.01,3.1491323330556042,8.368011474609375
0.01,3.15029795805458,8.404406547546387
0.01,3.1514227080042474,8.393481254577637
0.01,3.1528530830400996,8.395208358764648
0.01,3.1539779160520993,8.444927215576172
0.01,3.1551000000326894,8.40165901184082
0.01,3.15613466600189,8.41978645324707
0.01,3.157194708008319,8.37842082977295
0.01,3.158296166046057,8.347267150878906
0.01,3.1594467910472304,8.289834976196289
0.01,3.160506583051756,8.327374458312988
0.01,3.1615149580175057,8.30216121673584
0.01,3.162719125044532,8.2977294921875
0.01,3.1639575410517864,8.305428504943848
0.01,3.1650715410360135,8.307211875915527
0.01,3.1661725000012666,8.30411148071289
0.01,3.1672600000165403,8.224193572998047
0.01,3.168345833022613,8.187906265258789
0.01,3.1694077910506167,8.207229614257812
0.01,3.1704873330309056,8.19548225402832
0.01,3.171659625018947,8.166051864624023
0.01,3.172833041055128,8.136876106262207
0.01,3.1740413330262527,8.155783653259277
0.01,3.1752077499986626,8.157580375671387
0.01,3.1766605410375632,8.198376655578613
0.01,3.178428833023645,8.170395851135254
0.01,3.180221375019755,8.156293869018555
0.01,3.1864087910507806,8.16633415222168
0.01,3.188859208021313,8.11738109588623
0.01,3.190479041018989,8.184328079223633
0.01,3.1926286660018377,8.187286376953125
0.01,3.1938764580409043,8.165596008300781
0.01,3.195083500002511,8.157952308654785
0.01,3.1961826660553925,8.108612060546875
0.01,3.1972883330308832,8.030546188354492
0.01,3.19839558302192,8.016219139099121
0.01,3.199393750051968,8.035002708435059
0.01,3.2004779160488397,8.027609825134277
0.01,3.2015680000185966,8.04065227508545
0.01,3.2026186250150204,7.987338542938232
0.01,3.204276791017037,7.967491626739502
0.01,3.2056412500096485,8.016536712646484
0.01,3.2082331250421703,8.072267532348633
0.01,3.2095672500436194,8.053276062011719
0.01,3.2110567910131067,8.058084487915039
0.01,3.2126235000323504,8.136533737182617
0.01,3.214004625042435,8.116074562072754
0.01,3.2161769160302356,8.161382675170898
0.01,3.218137708026916,8.081933975219727
0.01,3.219559208024293,8.065476417541504
0.01,3.2209024160401896,8.173974990844727
0.01,3.222740083001554,8.121563911437988
0.01,3.2240129580022767,8.130020141601562
0.01,3.225245583045762,8.167964935302734
0.01,3.228089666052256,8.195551872253418
0.01,3.2294292080332525,8.169568061828613
0.01,3.2307749580359086,8.234378814697266
0.01,3.2326479160110466,8.213809967041016
0.01,3.234343208023347,8.245918273925781
0.01,3.2359316250076517,8.248860359191895
0.01,3.2381358330021612,8.217206001281738
0.01,3.2395718750194646,8.402563095092773
0.01,3.243129750015214,8.40117359161377
0.01,3.2457775410148315,8.473772048950195
0.01,3.2469550000387244,8.427502632141113
0.01,3.2481916660326533,8.399308204650879
0.01,3.249252083012834,8.406720161437988
0.01,3.250284083012957,8.419723510742188
0.01,3.251421958033461,8.457681655883789
0.01,3.2524803330306895,8.488889694213867
0.01,3.2539884160505608,8.457283020019531
0.01,3.2554460410028696,8.46560001373291
0.01,3.257876791001763,8.380913734436035
0.01,3.25917129102163,8.404579162597656
0.01,3.260554333042819,8.376502990722656
0.01,3.2619517910061404,8.40421199798584
0.01,3.2632566660176963,8.372696876525879
0.01,3.264573166030459,8.412251472473145
0.01,3.2658598750131205,8.428986549377441
0.01,3.2672484580543824,8.464573860168457
0.01,3.268619041016791,8.382720947265625
0.01,3.2700928749982268,8.409225463867188
0.01,3.2714332910254598,8.403494834899902
0.01,3.2727923750062473,8.425286293029785
0.01,3.2745307500008494,8.335423469543457
0.01,3.2761850830283947,8.339277267456055
0.01,3.2775419580284506,8.329244613647461
0.01,3.279076791019179,8.27973461151123
0.01,3.280620333040133,8.333767890930176
0.01,3.2826394580188207,8.29147720336914
0.01,3.2845162500161678,8.291765213012695
0.01,3.286277166043874,8.296965599060059
0.01,3.2876430000178516,8.216683387756348
0.01,3.289165458001662,8.180274963378906
0.01,3.290701375051867,8.162495613098145
0.01,3.2927927499986254,8.097163200378418
0.01,3.29573779104976,8.171065330505371
0.01,3.297001833037939,8.131848335266113
0.01,3.2981426250189543,8.149280548095703
0.01,3.2992452080361545,8.113588333129883
